flight_number,airline_name,departure_airport,arrival_airport,departure_time,arrival_time,duration_hours,flight_price
WN9954,Southwest Airlines,Los Angeles International,O'Hare International,2/19/2022,9/13/2022,13,3010.77
AZ3825,Alitalia,Leonardo da Vinci International,Charles de Gaulle,3/1/2022,1/31/2022,20,1492.63
SK5197,SAS Scandinavian,Copenhagen Airport,Vienna International,3/10/2022,9/8/2022,24,4673.37
AA5793,American Airlines,John F. Kennedy International,Hartsfield-Jackson Atlanta,9/25/2022,3/1/2022,22,3734.85
KE2503,Korean Air,Incheon International,Haneda,10/7/2022,7/12/2022,16,2664.82
SQ5037,Singapore Airlines,Changi,Beijing Capital International,1/2/2022,8/27/2022,23,3592.33
IB9593,Iberia,Adolfo Suárez Madrid–Barajas,Jomo Kenyatta International,3/29/2022,8/11/2022,12,4644.54
UA4433,United Airlines,Los Angeles International,San Francisco International,2/13/2022,9/18/2022,20,710.04
WN5291,Southwest Airlines,Los Angeles International,San Francisco International,7/9/2022,3/25/2022,1,3736.9
QF4285,Qantas,Sydney Airport,Melbourne Airport,11/9/2022,4/11/2022,16,3867.85
CX7350,Cathay Pacific,Hong Kong International,Chhatrapati Shivaji International,1/28/2022,11/16/2022,11,4269.67
SQ6358,Singapore Airlines,Changi,Beijing Capital International,8/19/2022,2/27/2022,18,1092.88
AZ1471,Alitalia,Leonardo da Vinci International,Charles de Gaulle,3/8/2022,2/1/2022,3,2848.82
UA5234,United Airlines,Los Angeles International,San Francisco International,7/16/2022,10/27/2022,21,3620.91
KE5966,Korean Air,Incheon International,Haneda,8/31/2022,10/1/2022,8,4206.4
UA1658,United Airlines,Los Angeles International,Seattle-Tacoma International,4/8/2022,2/4/2022,11,3048.83
ET2935,Ethiopian Airlines,Bole International,Beijing Capital International,10/17/2022,10/30/2022,1,2858.67
SA3542,South African Airways,O.R. Tambo International,Charles de Gaulle,1/13/2022,6/16/2022,21,1175.53
QF4267,Qantas,Sydney Airport,Suvarnabhumi,3/8/2022,12/19/2022,1,3244.39
NZ5451,Air New Zealand,Auckland Airport,Sydney Airport,3/9/2022,9/22/2022,16,3737.0
QR2311,Qatar Airways,Hamad International,Frankfurt Airport,11/23/2022,4/16/2022,23,2127.25
WN8883,Southwest Airlines,Los Angeles International,Chhatrapati Shivaji International,6/19/2022,10/13/2022,18,778.52
NZ3899,Air New Zealand,Auckland Airport,Sydney Airport,6/3/2022,5/7/2022,1,2719.01
CX5046,Cathay Pacific,Hong Kong International,Changi,5/11/2022,10/17/2022,8,1984.7
QR7315,Qatar Airways,Hamad International,Jomo Kenyatta International,11/30/2022,4/26/2022,23,2087.04
LH2509,Lufthansa,Frankfurt Airport,Charles de Gaulle,12/10/2022,11/1/2022,12,3900.85
KE3006,Korean Air,Incheon International,Haneda,6/11/2022,8/23/2022,4,184.52
LH1606,Lufthansa,Frankfurt Airport,Zurich Airport,11/8/2022,5/12/2022,3,4270.98
KL4094,KLM Royal Dutch Airlines,Amsterdam Airport Schiphol,Charles de Gaulle,8/23/2022,1/8/2022,7,3335.96
ET1266,Ethiopian Airlines,Bole International,Hamad International,8/17/2022,3/17/2022,11,4251.39
DL2500,Delta Air Lines,John F. Kennedy International,Hartsfield-Jackson Atlanta,9/7/2022,6/9/2022,1,1028.86
LA8565,LATAM Airlines,São Paulo/Guarulhos International,Ministro Pistarini International,2/8/2022,1/3/2022,2,2941.19
AM5718,Aeroméxico,Benito Juárez International,O'Hare International,5/18/2022,1/20/2022,8,3334.7
EK2146,Emirates,Dubai International,Hamad International,2/12/2022,9/8/2022,22,3579.62
SK8067,SAS Scandinavian,Copenhagen Airport,Charles de Gaulle,3/24/2022,4/6/2022,19,4184.04
UA5079,United Airlines,Los Angeles International,San Francisco International,11/20/2022,8/6/2022,21,333.61
SA2908,South African Airways,O.R. Tambo International,Charles de Gaulle,2/21/2022,11/17/2022,18,2295.62
SQ6821,Singapore Airlines,Changi,Beijing Capital International,12/21/2022,10/1/2022,24,3733.74
IB8664,Iberia,Adolfo Suárez Madrid–Barajas,Charles de Gaulle,2/23/2022,9/18/2022,11,3140.89
ET1457,Ethiopian Airlines,Bole International,Hamad International,3/27/2022,1/29/2022,7,3660.92
LA3448,LATAM Airlines,São Paulo/Guarulhos International,Ministro Pistarini International,6/23/2022,5/22/2022,3,1041.97
KE3449,Korean Air,Incheon International,Haneda,3/19/2022,12/21/2022,3,3091.85
NH4005,All Nippon Airways,Haneda,Incheon International,6/8/2022,6/15/2022,8,4926.57
LH2851,Lufthansa,Frankfurt Airport,Charles de Gaulle,1/30/2022,6/14/2022,9,2551.87
AA1542,American Airlines,John F. Kennedy International,Hartsfield-Jackson Atlanta,8/27/2022,2/4/2022,10,2404.48
AM4015,Aeroméxico,Benito Juárez International,O'Hare International,2/27/2022,3/15/2022,22,3326.93
LA9647,LATAM Airlines,São Paulo/Guarulhos International,Cape Town International,5/28/2022,8/8/2022,8,3879.63
WN2418,Southwest Airlines,Los Angeles International,San Francisco International,1/14/2022,3/20/2022,10,3089.59
AC3188,Air Canada,Toronto Pearson,John F. Kennedy International,9/25/2022,8/13/2022,24,1334.2
BA3458,British Airways,Heathrow,Charles de Gaulle,9/4/2022,4/20/2022,12,1059.77
AI4480,Air India,Indira Gandhi International,Changi,12/27/2022,8/13/2022,15,3624.54
SQ5580,Singapore Airlines,Changi,Melbourne Airport,12/16/2022,5/8/2022,21,187.81
AI2522,Air India,Indira Gandhi International,Chhatrapati Shivaji International,8/7/2022,10/28/2022,20,967.11
UA6087,United Airlines,Los Angeles International,San Francisco International,1/11/2022,6/28/2022,2,1552.5
BA4592,British Airways,Heathrow,Stockholm Arlanda,2/24/2022,12/10/2022,8,3510.75
EK7596,Emirates,Dubai International,Hamad International,10/11/2022,2/28/2022,20,3413.93
QF3865,Qantas,Sydney Airport,Melbourne Airport,10/16/2022,12/5/2022,21,804.34
ET2811,Ethiopian Airlines,Bole International,Jomo Kenyatta International,11/7/2022,3/31/2022,4,4121.83
EK2263,Emirates,Dubai International,Hamad International,7/7/2022,9/23/2022,23,246.37
QR1777,Qatar Airways,Hamad International,Zurich Airport,11/5/2022,12/6/2022,10,3371.17
AZ9050,Alitalia,Leonardo da Vinci International,Charles de Gaulle,2/16/2022,3/18/2022,23,819.59
KL7530,KLM Royal Dutch Airlines,Amsterdam Airport Schiphol,Charles de Gaulle,4/20/2022,4/5/2022,23,3272.58
QR4818,Qatar Airways,Hamad International,Bole International,5/14/2022,6/2/2022,14,1534.43
CX4113,Cathay Pacific,Hong Kong International,Changi,6/9/2022,7/27/2022,22,3283.05
LH2341,Lufthansa,Frankfurt Airport,Charles de Gaulle,5/5/2022,11/4/2022,17,2453.78
KL4572,KLM Royal Dutch Airlines,Amsterdam Airport Schiphol,Charles de Gaulle,11/2/2022,2/28/2022,24,343.76
WN5978,Southwest Airlines,Los Angeles International,Vancouver International,8/4/2022,10/20/2022,23,4574.96
AZ9170,Alitalia,Leonardo da Vinci International,Charles de Gaulle,10/20/2022,5/5/2022,13,2827.32
SA2360,South African Airways,O.R. Tambo International,Frankfurt Airport,3/16/2022,4/26/2022,10,245.31
AC3468,Air Canada,Toronto Pearson,John F. Kennedy International,6/14/2022,2/21/2022,5,2556.64
KL6095,KLM Royal Dutch Airlines,Amsterdam Airport Schiphol,Charles de Gaulle,6/5/2022,11/6/2022,24,4770.04
LH6417,Lufthansa,Frankfurt Airport,Ministro Pistarini International,6/2/2022,5/10/2022,10,4835.33
IB8118,Iberia,Adolfo Suárez Madrid–Barajas,Charles de Gaulle,1/3/2022,1/27/2022,8,107.82
NH3367,All Nippon Airways,Haneda,Incheon International,1/14/2022,6/17/2022,2,3954.39
QR5172,Qatar Airways,Hamad International,Bole International,10/25/2022,2/25/2022,8,4336.85
AF3874,Air France,Charles de Gaulle,Frankfurt Airport,3/2/2022,3/3/2022,11,1990.69
AF6790,Air France,Charles de Gaulle,Frankfurt Airport,9/30/2022,10/7/2022,4,2438.41
BA3676,British Airways,Heathrow,Charles de Gaulle,11/14/2022,6/25/2022,23,2855.83
LA2023,LATAM Airlines,São Paulo/Guarulhos International,Ministro Pistarini International,6/8/2022,3/12/2022,23,3582.93
CX2642,Cathay Pacific,Hong Kong International,Changi,2/14/2022,1/26/2022,6,1564.38
IB2915,Iberia,Adolfo Suárez Madrid–Barajas,Charles de Gaulle,10/29/2022,6/11/2022,1,262.5
IB1986,Iberia,Adolfo Suárez Madrid–Barajas,Benito Juárez International,2/1/2022,11/11/2022,17,3972.12
KL5737,KLM Royal Dutch Airlines,Amsterdam Airport Schiphol,Charles de Gaulle,2/6/2022,3/30/2022,4,2721.21
QR4551,Qatar Airways,Hamad International,Bole International,4/9/2022,10/30/2022,15,2725.62
ET5456,Ethiopian Airlines,Bole International,Hamad International,2/4/2022,8/27/2022,11,2534.3
LA2996,LATAM Airlines,São Paulo/Guarulhos International,Ministro Pistarini International,1/15/2022,1/31/2022,24,1070.35
DL5104,Delta Air Lines,John F. Kennedy International,Hartsfield-Jackson Atlanta,4/29/2022,3/24/2022,17,2919.23
QR3327,Qatar Airways,Hamad International,Incheon International,3/11/2022,1/29/2022,12,3568.71
QF3265,Qantas,Sydney Airport,Melbourne Airport,11/4/2022,9/1/2022,7,559.25
AI9509,Air India,Indira Gandhi International,Chhatrapati Shivaji International,6/22/2022,4/1/2022,22,3381.64
QR7697,Qatar Airways,Hamad International,Bole International,7/14/2022,12/24/2022,18,1773.3
CX1254,Cathay Pacific,Hong Kong International,Changi,1/13/2022,4/12/2022,15,1896.9
NZ8005,Air New Zealand,Auckland Airport,Sydney Airport,3/9/2022,2/15/2022,9,1674.94
SK9178,SAS Scandinavian,Copenhagen Airport,Charles de Gaulle,9/10/2022,4/15/2022,16,4715.66
KE1824,Korean Air,Incheon International,Beijing Capital International,11/22/2022,11/21/2022,22,986.78
LA7378,LATAM Airlines,São Paulo/Guarulhos International,Ministro Pistarini International,2/1/2022,10/20/2022,2,2271.39
AI6208,Air India,Indira Gandhi International,Chhatrapati Shivaji International,11/6/2022,12/14/2022,24,2368.73
NH2007,All Nippon Airways,Haneda,Incheon International,3/19/2022,10/21/2022,11,4198.21
AM5247,Aeroméxico,Benito Juárez International,O'Hare International,7/11/2022,6/13/2022,23,4418.34
AA6826,American Airlines,John F. Kennedy International,Hartsfield-Jackson Atlanta,7/2/2022,9/3/2022,19,3216.1
AV9889,Avianca,El Dorado International,O'Hare International,8/10/2022,11/3/2022,6,3366.81
KE4971,Korean Air,Incheon International,Hong Kong International,12/21/2022,8/5/2022,17,4959.85
QR7627,Qatar Airways,Hamad International,Bole International,8/26/2022,7/15/2022,7,4863.56
SK2386,SAS Scandinavian,Copenhagen Airport,Charles de Gaulle,2/17/2022,10/2/2022,4,2844.52
AA4754,American Airlines,John F. Kennedy International,Hartsfield-Jackson Atlanta,4/26/2022,8/4/2022,7,2300.96
NH5022,All Nippon Airways,Haneda,Incheon International,1/2/2022,12/15/2022,20,4631.42
LH2110,Lufthansa,Frankfurt Airport,Charles de Gaulle,10/1/2022,9/29/2022,11,3367.8
AZ2749,Alitalia,Leonardo da Vinci International,Charles de Gaulle,4/14/2022,2/13/2022,8,4484.38
IB3428,Iberia,Adolfo Suárez Madrid–Barajas,Charles de Gaulle,3/18/2022,7/6/2022,17,1487.98
ET7205,Ethiopian Airlines,Bole International,Hamad International,1/26/2022,4/28/2022,9,2574.57
QR6374,Qatar Airways,Hamad International,Bole International,1/8/2022,12/14/2022,6,1180.49
DL3866,Delta Air Lines,John F. Kennedy International,Hartsfield-Jackson Atlanta,12/21/2022,5/4/2022,23,3275.64
AV3031,Avianca,El Dorado International,O'Hare International,7/12/2022,1/22/2022,11,1720.75
QR2424,Qatar Airways,Hamad International,Bole International,3/16/2022,1/17/2022,13,2132.38
QF5669,Qantas,Sydney Airport,Haneda,1/16/2022,2/22/2022,4,375.63
KL3038,KLM Royal Dutch Airlines,Amsterdam Airport Schiphol,Charles de Gaulle,12/24/2022,9/27/2022,22,2310.57
AZ8044,Alitalia,Leonardo da Vinci International,Charles de Gaulle,8/25/2022,3/9/2022,22,3249.06
AC6293,Air Canada,Toronto Pearson,John F. Kennedy International,1/14/2022,10/29/2022,21,3401.84
AI8875,Air India,Indira Gandhi International,Chhatrapati Shivaji International,1/28/2022,7/14/2022,9,1811.09
SQ5198,Singapore Airlines,Changi,Beijing Capital International,3/1/2022,1/22/2022,24,2074.68
UA8491,United Airlines,Los Angeles International,San Francisco International,5/1/2022,11/9/2022,24,1038.15
DL4493,Delta Air Lines,John F. Kennedy International,Vienna International,12/11/2022,10/13/2022,8,2375.61
DL4343,Delta Air Lines,John F. Kennedy International,Logan International,4/5/2022,8/9/2022,17,3568.41
SQ6358,Singapore Airlines,Changi,Beijing Capital International,4/25/2022,4/29/2022,20,1586.15
NZ8880,Air New Zealand,Auckland Airport,Sydney Airport,4/4/2022,3/26/2022,10,237.33
ET2424,Ethiopian Airlines,Bole International,Stockholm Arlanda,8/23/2022,9/29/2022,5,3539.22
KE3686,Korean Air,Incheon International,Haneda,2/7/2022,6/24/2022,18,4663.5
ET8279,Ethiopian Airlines,Bole International,Leonardo da Vinci International,3/16/2022,3/1/2022,8,309.57
AM4822,Aeroméxico,Benito Juárez International,John F. Kennedy International,6/16/2022,9/9/2022,9,4829.59
WN2403,Southwest Airlines,Los Angeles International,San Francisco International,10/23/2022,11/17/2022,20,1447.57
SQ5275,Singapore Airlines,Changi,Melbourne Airport,1/20/2022,7/10/2022,18,4375.13
AC5741,Air Canada,Toronto Pearson,John F. Kennedy International,6/9/2022,3/4/2022,24,540.34
TG5091,Thai Airways,Suvarnabhumi,Changi,5/28/2022,10/15/2022,19,798.08
TG6876,Thai Airways,Suvarnabhumi,Changi,3/19/2022,6/11/2022,24,1672.2
LH6645,Lufthansa,Frankfurt Airport,Brisbane Airport,12/16/2022,4/17/2022,22,3020.57
TG3301,Thai Airways,Suvarnabhumi,Changi,6/18/2022,7/20/2022,11,767.77
IB6339,Iberia,Adolfo Suárez Madrid–Barajas,Auckland Airport,2/1/2022,9/27/2022,20,2492.2
AA6494,American Airlines,John F. Kennedy International,Hartsfield-Jackson Atlanta,9/20/2022,7/31/2022,11,3719.05
EK8895,Emirates,Dubai International,Jomo Kenyatta International,6/29/2022,9/11/2022,14,1801.1
SK4212,SAS Scandinavian,Copenhagen Airport,Charles de Gaulle,1/10/2022,2/5/2022,7,3701.36
NZ7644,Air New Zealand,Auckland Airport,Sydney Airport,10/9/2022,4/28/2022,2,4049.66
KL3471,KLM Royal Dutch Airlines,Amsterdam Airport Schiphol,Charles de Gaulle,8/8/2022,7/24/2022,20,2319.19
UA2309,United Airlines,Los Angeles International,San Francisco International,4/23/2022,8/14/2022,21,2218.84
AZ9404,Alitalia,Leonardo da Vinci International,Charles de Gaulle,11/14/2022,12/8/2022,8,2819.72
SK9753,SAS Scandinavian,Copenhagen Airport,Vancouver International,7/8/2022,2/14/2022,2,2492.16
QF3040,Qantas,Sydney Airport,Melbourne Airport,10/9/2022,1/25/2022,6,4467.99
AZ5740,Alitalia,Leonardo da Vinci International,O'Hare International,7/22/2022,7/7/2022,5,3209.32
IB2768,Iberia,Adolfo Suárez Madrid–Barajas,Charles de Gaulle,12/24/2022,12/22/2022,16,2516.47
KE2208,Korean Air,Incheon International,Changi,11/3/2022,1/7/2022,15,4828.85
SK4312,SAS Scandinavian,Copenhagen Airport,Amsterdam Airport Schiphol,1/9/2022,12/13/2022,16,3911.87
AM2645,Aeroméxico,Benito Juárez International,O'Hare International,1/1/2022,1/15/2022,20,1426.36
SK9753,SAS Scandinavian,Copenhagen Airport,Vancouver International,7/18/2022,4/28/2022,22,599.06
TG5404,Thai Airways,Suvarnabhumi,Changi,5/25/2022,1/5/2022,11,2212.09
AM4613,Aeroméxico,Benito Juárez International,O'Hare International,3/3/2022,9/11/2022,14,4526.94
NH7962,All Nippon Airways,Haneda,Hong Kong International,5/26/2022,3/3/2022,2,865.38
AZ1133,Alitalia,Leonardo da Vinci International,Charles de Gaulle,5/12/2022,3/1/2022,21,689.9
SQ3804,Singapore Airlines,Changi,Beijing Capital International,7/5/2022,12/16/2022,18,3084.4
AC5741,Air Canada,Toronto Pearson,John F. Kennedy International,9/7/2022,5/7/2022,7,188.98
EK6720,Emirates,Dubai International,Hamad International,7/10/2022,4/7/2022,18,1553.57
AC5204,Air Canada,Toronto Pearson,Cape Town International,11/15/2022,9/23/2022,18,1073.66
KE9571,Korean Air,Incheon International,Haneda,2/5/2022,11/30/2022,10,2671.36
LH3189,Lufthansa,Frankfurt Airport,Charles de Gaulle,2/9/2022,11/27/2022,1,4229.65
UA3397,United Airlines,Los Angeles International,San Francisco International,4/24/2022,9/19/2022,10,3566.46
AC7380,Air Canada,Toronto Pearson,John F. Kennedy International,5/11/2022,1/18/2022,14,577.3
QR4438,Qatar Airways,Hamad International,Vienna International,11/11/2022,9/23/2022,21,4286.84
AZ5907,Alitalia,Leonardo da Vinci International,Charles de Gaulle,9/17/2022,6/28/2022,22,4219.29
SA8371,South African Airways,O.R. Tambo International,Hamad International,1/25/2022,9/12/2022,9,2496.82
NZ9603,Air New Zealand,Auckland Airport,Sydney Airport,6/17/2022,7/22/2022,20,1371.93
NH7687,All Nippon Airways,Haneda,Incheon International,2/23/2022,5/28/2022,21,3610.87
AI8078,Air India,Indira Gandhi International,O.R. Tambo International,6/13/2022,5/26/2022,13,3774.91
AV9242,Avianca,El Dorado International,O'Hare International,10/27/2022,9/27/2022,14,393.25
IB8002,Iberia,Adolfo Suárez Madrid–Barajas,Charles de Gaulle,6/23/2022,11/21/2022,19,1940.74
NZ8001,Air New Zealand,Auckland Airport,Sydney Airport,6/29/2022,12/26/2022,24,4550.5
KE5043,Korean Air,Incheon International,Haneda,4/12/2022,6/17/2022,20,3653.59
SQ2013,Singapore Airlines,Changi,Hamad International,8/2/2022,11/15/2022,3,1247.97
AV6698,Avianca,El Dorado International,O'Hare International,9/1/2022,10/2/2022,17,284.48
DL1701,Delta Air Lines,John F. Kennedy International,Hartsfield-Jackson Atlanta,10/13/2022,3/30/2022,13,877.44
IB4989,Iberia,Adolfo Suárez Madrid–Barajas,Charles de Gaulle,9/11/2022,8/31/2022,1,4352.91
AZ1923,Alitalia,Leonardo da Vinci International,Charles de Gaulle,1/15/2022,11/5/2022,5,3130.9
AV8325,Avianca,El Dorado International,Benito Juárez International,6/27/2022,11/22/2022,22,2348.96
LH1504,Lufthansa,Frankfurt Airport,Charles de Gaulle,5/12/2022,9/24/2022,13,4204.65
DL9974,Delta Air Lines,John F. Kennedy International,Hong Kong International,1/27/2022,3/19/2022,7,2984.33
LH7839,Lufthansa,Frankfurt Airport,Zurich Airport,12/9/2022,12/26/2022,15,4986.14
KE5512,Korean Air,Incheon International,Haneda,4/15/2022,8/31/2022,5,914.0
AM7520,Aeroméxico,Benito Juárez International,O'Hare International,7/17/2022,8/3/2022,7,2218.4
AZ1859,Alitalia,Leonardo da Vinci International,Vienna International,10/1/2022,4/4/2022,13,2603.75
SK4327,SAS Scandinavian,Copenhagen Airport,Charles de Gaulle,10/22/2022,5/26/2022,20,4870.13
AF2406,Air France,Charles de Gaulle,Zurich Airport,6/15/2022,1/18/2022,1,103.15
BA8137,British Airways,Heathrow,Charles de Gaulle,2/12/2022,2/19/2022,8,1472.4
AC2322,Air Canada,Toronto Pearson,John F. Kennedy International,8/19/2022,11/20/2022,4,2495.76
SA8526,South African Airways,O.R. Tambo International,Charles de Gaulle,10/16/2022,3/8/2022,4,2500.47
QF9225,Qantas,Sydney Airport,Melbourne Airport,10/22/2022,10/17/2022,23,2562.6
SK1604,SAS Scandinavian,Copenhagen Airport,Charles de Gaulle,6/18/2022,3/24/2022,21,4449.52
KL3196,KLM Royal Dutch Airlines,Amsterdam Airport Schiphol,Charles de Gaulle,11/15/2022,11/18/2022,2,3087.51
SA9580,South African Airways,O.R. Tambo International,Charles de Gaulle,12/11/2022,8/20/2022,22,4803.58
AI2096,Air India,Indira Gandhi International,Chhatrapati Shivaji International,5/3/2022,8/9/2022,19,4350.23
AZ7822,Alitalia,Leonardo da Vinci International,Charles de Gaulle,12/18/2022,9/4/2022,14,258.42
DL6355,Delta Air Lines,John F. Kennedy International,Hartsfield-Jackson Atlanta,11/11/2022,12/8/2022,9,362.58
CX4224,Cathay Pacific,Hong Kong International,Changi,8/26/2022,7/31/2022,3,3716.01
AA4011,American Airlines,John F. Kennedy International,Hartsfield-Jackson Atlanta,2/22/2022,11/16/2022,15,4425.94
UA7542,United Airlines,Los Angeles International,San Francisco International,4/6/2022,12/24/2022,1,694.22
NH3534,All Nippon Airways,Haneda,Incheon International,6/13/2022,12/16/2022,20,153.88
QF7760,Qantas,Sydney Airport,Melbourne Airport,6/15/2022,7/10/2022,23,4359.85
LA3771,LATAM Airlines,São Paulo/Guarulhos International,Hartsfield-Jackson Atlanta,11/29/2022,9/26/2022,6,688.51
NZ5909,Air New Zealand,Auckland Airport,Vancouver International,5/23/2022,3/11/2022,17,2262.49
SA8416,South African Airways,O.R. Tambo International,Charles de Gaulle,3/16/2022,4/22/2022,12,2901.71
BA7461,British Airways,Heathrow,Bole International,12/17/2022,11/27/2022,8,1465.98
SK4443,SAS Scandinavian,Copenhagen Airport,Melbourne Airport,4/7/2022,6/5/2022,1,2209.94
LH8572,Lufthansa,Frankfurt Airport,Charles de Gaulle,6/14/2022,11/15/2022,7,4736.61
AV9933,Avianca,El Dorado International,O'Hare International,10/27/2022,11/8/2022,13,1915.51
QF2364,Qantas,Sydney Airport,Melbourne Airport,3/27/2022,5/12/2022,4,3181.15
KE1593,Korean Air,Incheon International,Haneda,9/2/2022,12/11/2022,16,4680.45
LA8980,LATAM Airlines,São Paulo/Guarulhos International,Ministro Pistarini International,9/3/2022,2/18/2022,18,4791.45
AF6961,Air France,Charles de Gaulle,Frankfurt Airport,12/18/2022,5/19/2022,15,2968.41
BA3590,British Airways,Heathrow,Charles de Gaulle,6/9/2022,11/18/2022,10,4631.23
CX9197,Cathay Pacific,Hong Kong International,Amsterdam Airport Schiphol,6/20/2022,1/13/2022,21,4715.56
QR7340,Qatar Airways,Hamad International,Bole International,1/28/2022,9/28/2022,15,1441.99
AC3027,Air Canada,Toronto Pearson,São Paulo/Guarulhos International,9/25/2022,7/20/2022,20,4191.42
NH8158,All Nippon Airways,Haneda,Incheon International,9/11/2022,9/20/2022,9,2326.68
AI7588,Air India,Indira Gandhi International,Chhatrapati Shivaji International,8/18/2022,4/9/2022,20,4459.99
NH9186,All Nippon Airways,Haneda,Incheon International,11/28/2022,7/28/2022,22,733.97
AI5189,Air India,Indira Gandhi International,Jorge Chávez International,8/4/2022,3/9/2022,15,1693.77
SA8537,South African Airways,O.R. Tambo International,Charles de Gaulle,8/1/2022,1/5/2022,15,3325.2
AM8244,Aeroméxico,Benito Juárez International,O'Hare International,12/27/2022,6/8/2022,21,4052.41
BA8865,British Airways,Heathrow,Hartsfield-Jackson Atlanta,9/22/2022,6/5/2022,12,2040.5
IB9642,Iberia,Adolfo Suárez Madrid–Barajas,Charles de Gaulle,7/4/2022,8/17/2022,1,2303.28
AA7154,American Airlines,John F. Kennedy International,Hartsfield-Jackson Atlanta,12/8/2022,6/14/2022,6,803.93
NH1262,All Nippon Airways,Haneda,Incheon International,5/6/2022,11/2/2022,17,896.19
EK7931,Emirates,Dubai International,Chhatrapati Shivaji International,6/26/2022,7/17/2022,24,2231.07
QR3479,Qatar Airways,Hamad International,Bole International,4/10/2022,11/23/2022,10,1093.45
AI2034,Air India,Indira Gandhi International,Chhatrapati Shivaji International,4/30/2022,4/1/2022,9,3927.26
ET6876,Ethiopian Airlines,Bole International,Hamad International,9/23/2022,6/12/2022,10,3776.92
ET4581,Ethiopian Airlines,Bole International,Hamad International,11/11/2022,6/10/2022,4,1452.46
KE7799,Korean Air,Incheon International,Denver International,6/28/2022,4/9/2022,13,3037.93
SK3846,SAS Scandinavian,Copenhagen Airport,Charles de Gaulle,9/29/2022,7/22/2022,18,839.05
AV2480,Avianca,El Dorado International,O'Hare International,3/18/2022,10/10/2022,7,1944.45
NZ7026,Air New Zealand,Auckland Airport,Sydney Airport,6/30/2022,4/16/2022,23,1784.05
AZ3352,Alitalia,Leonardo da Vinci International,Amsterdam Airport Schiphol,12/1/2022,3/24/2022,2,4722.95
NZ3355,Air New Zealand,Auckland Airport,Haneda,7/23/2022,1/16/2022,18,1837.9
IB3853,Iberia,Adolfo Suárez Madrid–Barajas,Charles de Gaulle,9/5/2022,6/5/2022,10,4065.16
AI4973,Air India,Indira Gandhi International,Beijing Capital International,12/11/2022,6/9/2022,17,2103.62
NZ3482,Air New Zealand,Auckland Airport,Sydney Airport,3/29/2022,8/9/2022,23,3094.5
WN2848,Southwest Airlines,Los Angeles International,San Francisco International,6/11/2022,7/23/2022,7,2886.43
KL6990,KLM Royal Dutch Airlines,Amsterdam Airport Schiphol,Charles de Gaulle,3/14/2022,1/1/2022,5,3073.06
QF7218,Qantas,Sydney Airport,Melbourne Airport,7/28/2022,10/8/2022,19,1846.89
DL7030,Delta Air Lines,John F. Kennedy International,Hartsfield-Jackson Atlanta,2/18/2022,12/9/2022,9,3353.22
KE5770,Korean Air,Incheon International,Haneda,3/12/2022,10/15/2022,11,2481.09
SK1678,SAS Scandinavian,Copenhagen Airport,Charles de Gaulle,4/8/2022,3/3/2022,23,1706.31
AC2311,Air Canada,Toronto Pearson,John F. Kennedy International,5/22/2022,11/28/2022,3,3659.25
NZ5365,Air New Zealand,Auckland Airport,Haneda,6/8/2022,6/7/2022,16,986.23
LH3986,Lufthansa,Frankfurt Airport,Charles de Gaulle,10/11/2022,10/19/2022,24,3272.26
QR9598,Qatar Airways,Hamad International,Charles de Gaulle,10/24/2022,6/19/2022,16,1655.94
LH1604,Lufthansa,Frankfurt Airport,Charles de Gaulle,10/19/2022,8/9/2022,10,4230.36
QR3022,Qatar Airways,Hamad International,Bole International,12/4/2022,2/15/2022,1,860.08
DL1126,Delta Air Lines,John F. Kennedy International,Ministro Pistarini International,12/12/2022,6/27/2022,22,343.74
UA6894,United Airlines,Los Angeles International,San Francisco International,5/22/2022,4/13/2022,7,1570.45
NZ8247,Air New Zealand,Auckland Airport,Sydney Airport,2/8/2022,7/14/2022,3,894.58
DL7030,Delta Air Lines,John F. Kennedy International,Hartsfield-Jackson Atlanta,8/7/2022,2/18/2022,19,1084.33
UA4854,United Airlines,Los Angeles International,San Francisco International,8/25/2022,1/3/2022,20,292.41
SK4443,SAS Scandinavian,Copenhagen Airport,Melbourne Airport,9/27/2022,12/22/2022,7,1173.38
IB9934,Iberia,Adolfo Suárez Madrid–Barajas,Charles de Gaulle,4/25/2022,12/9/2022,17,101.29
IB3864,Iberia,Adolfo Suárez Madrid–Barajas,Charles de Gaulle,8/31/2022,11/11/2022,20,3905.53
SQ3494,Singapore Airlines,Changi,Beijing Capital International,10/11/2022,1/30/2022,4,1483.3
SA2779,South African Airways,O.R. Tambo International,Charles de Gaulle,4/17/2022,1/6/2022,8,2106.89
BA2383,British Airways,Heathrow,Charles de Gaulle,10/28/2022,5/25/2022,9,1223.16
LH9425,Lufthansa,Frankfurt Airport,Charles de Gaulle,11/5/2022,8/28/2022,10,3584.65
BA7332,British Airways,Heathrow,Charles de Gaulle,5/31/2022,11/6/2022,20,3346.16
WN2733,Southwest Airlines,Los Angeles International,San Francisco International,11/12/2022,12/22/2022,23,753.43
UA3321,United Airlines,Los Angeles International,Vancouver International,9/22/2022,9/10/2022,9,4275.11
AI1429,Air India,Indira Gandhi International,Dubai International,9/5/2022,7/10/2022,19,3021.2
LH2132,Lufthansa,Frankfurt Airport,Charles de Gaulle,12/5/2022,8/5/2022,2,428.7
LA3215,LATAM Airlines,São Paulo/Guarulhos International,Ministro Pistarini International,4/14/2022,6/23/2022,11,3037.94
AZ8773,Alitalia,Leonardo da Vinci International,Charles de Gaulle,9/1/2022,2/15/2022,16,290.05
SK1252,SAS Scandinavian,Copenhagen Airport,Charles de Gaulle,7/21/2022,1/2/2022,19,755.06
KE4188,Korean Air,Incheon International,Haneda,4/4/2022,10/27/2022,23,4702.91
KL6392,KLM Royal Dutch Airlines,Amsterdam Airport Schiphol,Charles de Gaulle,7/13/2022,9/5/2022,4,4640.57
BA7341,British Airways,Heathrow,Charles de Gaulle,1/17/2022,4/27/2022,20,2891.73
SQ1871,Singapore Airlines,Changi,Beijing Capital International,1/5/2022,1/3/2022,1,3470.15
WN8861,Southwest Airlines,Los Angeles International,Seattle-Tacoma International,9/29/2022,12/17/2022,14,4249.64
WN3122,Southwest Airlines,Los Angeles International,San Francisco International,3/13/2022,4/18/2022,8,2681.25
CX2918,Cathay Pacific,Hong Kong International,Changi,2/3/2022,3/11/2022,4,750.38
AV8175,Avianca,El Dorado International,O'Hare International,9/13/2022,10/1/2022,7,1072.64
QR9258,Qatar Airways,Hamad International,Frankfurt Airport,7/13/2022,5/19/2022,23,356.92
IB2906,Iberia,Adolfo Suárez Madrid–Barajas,Charles de Gaulle,12/30/2022,11/18/2022,3,406.62
CX5078,Cathay Pacific,Hong Kong International,Changi,9/27/2022,1/2/2022,22,4901.35
KL3038,KLM Royal Dutch Airlines,Amsterdam Airport Schiphol,Charles de Gaulle,3/28/2022,6/23/2022,8,3967.92
CX1697,Cathay Pacific,Hong Kong International,Suvarnabhumi,5/4/2022,12/1/2022,11,1193.61
UA1658,United Airlines,Los Angeles International,Seattle-Tacoma International,3/24/2022,2/4/2022,1,4885.64
EK1896,Emirates,Dubai International,Hamad International,2/23/2022,12/28/2022,20,3681.49
AM2494,Aeroméxico,Benito Juárez International,Frankfurt Airport,8/25/2022,5/6/2022,6,1594.48
UA1633,United Airlines,Los Angeles International,San Francisco International,8/29/2022,2/3/2022,19,1384.29
NH7849,All Nippon Airways,Haneda,Incheon International,10/8/2022,8/25/2022,4,3943.17
SK4129,SAS Scandinavian,Copenhagen Airport,Leonardo da Vinci International,7/11/2022,4/7/2022,1,2687.32
DL5331,Delta Air Lines,John F. Kennedy International,Hartsfield-Jackson Atlanta,7/19/2022,10/19/2022,22,2304.12
QF3855,Qantas,Sydney Airport,Melbourne Airport,9/26/2022,8/19/2022,4,1588.14
LA9924,LATAM Airlines,São Paulo/Guarulhos International,Ministro Pistarini International,1/20/2022,11/8/2022,9,3600.29
AM7137,Aeroméxico,Benito Juárez International,Chhatrapati Shivaji International,4/28/2022,5/24/2022,10,377.05
AV9472,Avianca,El Dorado International,Benito Juárez International,6/13/2022,3/14/2022,17,3343.59
AV8553,Avianca,El Dorado International,O'Hare International,9/5/2022,6/9/2022,13,3011.1
AF6961,Air France,Charles de Gaulle,Frankfurt Airport,4/1/2022,3/22/2022,1,4971.08
IB3042,Iberia,Adolfo Suárez Madrid–Barajas,Vienna International,4/27/2022,3/18/2022,22,3421.58
IB9980,Iberia,Adolfo Suárez Madrid–Barajas,Charles de Gaulle,4/5/2022,6/11/2022,5,1477.54
LA1118,LATAM Airlines,São Paulo/Guarulhos International,Ministro Pistarini International,8/13/2022,3/20/2022,17,4165.07
NZ9438,Air New Zealand,Auckland Airport,Sydney Airport,8/15/2022,1/6/2022,23,1991.73
SK3193,SAS Scandinavian,Copenhagen Airport,Charles de Gaulle,1/4/2022,10/4/2022,2,4932.7
BA4990,British Airways,Heathrow,Charles de Gaulle,3/22/2022,9/11/2022,14,3568.16
AC7189,Air Canada,Toronto Pearson,Ministro Pistarini International,4/11/2022,5/31/2022,14,1679.41
AA9987,American Airlines,John F. Kennedy International,Hartsfield-Jackson Atlanta,2/1/2022,5/29/2022,3,603.37
ET6234,Ethiopian Airlines,Bole International,Hamad International,7/27/2022,12/1/2022,4,1492.54
UA1191,United Airlines,Los Angeles International,O'Hare International,1/4/2022,7/5/2022,23,289.18
AI5999,Air India,Indira Gandhi International,Chhatrapati Shivaji International,8/12/2022,3/26/2022,24,107.43
WN9586,Southwest Airlines,Los Angeles International,San Francisco International,10/10/2022,5/4/2022,17,556.75
CX8812,Cathay Pacific,Hong Kong International,Changi,11/21/2022,2/14/2022,6,4726.74
LH3192,Lufthansa,Frankfurt Airport,Charles de Gaulle,10/5/2022,11/21/2022,5,1163.67
WN7040,Southwest Airlines,Los Angeles International,Arturo Merino Benítez International,9/23/2022,9/19/2022,17,826.83
QF7187,Qantas,Sydney Airport,Auckland Airport,7/16/2022,9/19/2022,11,2558.44
AF3476,Air France,Charles de Gaulle,Leonardo da Vinci International,1/10/2022,7/3/2022,12,2378.6
SA8401,South African Airways,O.R. Tambo International,Charles de Gaulle,7/7/2022,9/10/2022,11,2101.94
KE4971,Korean Air,Incheon International,Hong Kong International,1/6/2022,6/2/2022,20,712.42
LA7277,LATAM Airlines,São Paulo/Guarulhos International,Amsterdam Airport Schiphol,1/3/2022,6/23/2022,6,2102.98
AM3516,Aeroméxico,Benito Juárez International,Dallas/Fort Worth International,11/27/2022,7/14/2022,13,3329.46
WN4006,Southwest Airlines,Los Angeles International,San Francisco International,4/19/2022,5/6/2022,1,2765.7
BA4091,British Airways,Heathrow,Charles de Gaulle,6/8/2022,12/25/2022,1,3990.51
AZ8044,Alitalia,Leonardo da Vinci International,Charles de Gaulle,5/29/2022,12/14/2022,18,2083.48
WN7674,Southwest Airlines,Los Angeles International,San Francisco International,2/3/2022,12/23/2022,22,4186.31
AV4492,Avianca,El Dorado International,Hamad International,3/8/2022,1/26/2022,14,3136.0
DL8386,Delta Air Lines,John F. Kennedy International,Hartsfield-Jackson Atlanta,11/17/2022,2/13/2022,3,2684.74
ET2520,Ethiopian Airlines,Bole International,Hamad International,12/10/2022,1/21/2022,5,2387.85
DL9459,Delta Air Lines,John F. Kennedy International,Hartsfield-Jackson Atlanta,10/27/2022,8/8/2022,8,3386.77
BA7384,British Airways,Heathrow,Charles de Gaulle,1/26/2022,3/11/2022,14,4150.84
QR3327,Qatar Airways,Hamad International,Incheon International,7/7/2022,1/17/2022,3,2427.83
AF7593,Air France,Charles de Gaulle,Frankfurt Airport,6/1/2022,11/11/2022,3,3174.11
DL8781,Delta Air Lines,John F. Kennedy International,Hartsfield-Jackson Atlanta,10/3/2022,9/15/2022,16,693.9
LH8386,Lufthansa,Frankfurt Airport,Charles de Gaulle,12/2/2022,4/19/2022,11,2127.04
QR5660,Qatar Airways,Hamad International,São Paulo/Guarulhos International,3/7/2022,2/25/2022,10,3110.95
NZ5671,Air New Zealand,Auckland Airport,Brisbane Airport,1/1/2022,12/29/2022,22,4641.66
KE4629,Korean Air,Incheon International,Ministro Pistarini International,5/28/2022,4/13/2022,11,2912.89
KL6524,KLM Royal Dutch Airlines,Amsterdam Airport Schiphol,Cape Town International,1/24/2022,3/5/2022,19,1788.31
UA4868,United Airlines,Los Angeles International,San Francisco International,5/16/2022,12/14/2022,15,2407.37
AV2744,Avianca,El Dorado International,O'Hare International,4/17/2022,2/11/2022,5,1401.05
CX2642,Cathay Pacific,Hong Kong International,Changi,9/26/2022,12/26/2022,24,3840.65
NZ9250,Air New Zealand,Auckland Airport,Sydney Airport,7/31/2022,8/9/2022,1,3383.61
AC3468,Air Canada,Toronto Pearson,John F. Kennedy International,7/6/2022,4/14/2022,4,3464.84
QF3037,Qantas,Sydney Airport,Melbourne Airport,7/11/2022,5/2/2022,19,3807.47
AV2942,Avianca,El Dorado International,Benito Juárez International,9/8/2022,4/1/2022,23,1006.14
AA1405,American Airlines,John F. Kennedy International,Hartsfield-Jackson Atlanta,7/7/2022,8/28/2022,4,1295.56
AA6559,American Airlines,John F. Kennedy International,Hartsfield-Jackson Atlanta,6/18/2022,9/10/2022,19,4653.87
AA7925,American Airlines,John F. Kennedy International,Hartsfield-Jackson Atlanta,2/23/2022,12/13/2022,2,1090.46
AZ8666,Alitalia,Leonardo da Vinci International,Charles de Gaulle,6/9/2022,5/4/2022,12,1221.84
WN7726,Southwest Airlines,Los Angeles International,San Francisco International,4/2/2022,9/9/2022,20,3788.95
KE2609,Korean Air,Incheon International,Copenhagen Airport,1/25/2022,11/29/2022,12,3293.29
ET3948,Ethiopian Airlines,Bole International,Changi,5/16/2022,12/12/2022,19,1024.16
KL3748,KLM Royal Dutch Airlines,Amsterdam Airport Schiphol,San Francisco International,8/13/2022,6/6/2022,16,4180.86
AI5363,Air India,Indira Gandhi International,Chhatrapati Shivaji International,1/16/2022,4/17/2022,5,4081.43
LA1925,LATAM Airlines,São Paulo/Guarulhos International,Toronto Pearson,9/10/2022,9/1/2022,22,1760.3
LH8386,Lufthansa,Frankfurt Airport,Charles de Gaulle,12/7/2022,10/3/2022,3,635.45
KE8751,Korean Air,Incheon International,Logan International,12/22/2022,2/6/2022,8,569.51
IB8190,Iberia,Adolfo Suárez Madrid–Barajas,Charles de Gaulle,9/1/2022,1/4/2022,7,4866.53
AF7307,Air France,Charles de Gaulle,Frankfurt Airport,10/31/2022,1/10/2022,10,3071.2
ET7440,Ethiopian Airlines,Bole International,Hamad International,2/20/2022,6/4/2022,11,727.86
AM2819,Aeroméxico,Benito Juárez International,O'Hare International,3/15/2022,10/12/2022,12,911.13
QF4778,Qantas,Sydney Airport,Melbourne Airport,9/13/2022,12/22/2022,4,2356.59
AA8666,American Airlines,John F. Kennedy International,Hartsfield-Jackson Atlanta,5/18/2022,4/3/2022,7,2162.61
KL9083,KLM Royal Dutch Airlines,Amsterdam Airport Schiphol,Munich Airport,2/10/2022,7/5/2022,7,4901.29
BA6099,British Airways,Heathrow,Hamad International,11/11/2022,7/21/2022,14,1112.7
EK8700,Emirates,Dubai International,Hamad International,5/9/2022,2/12/2022,19,3431.33
IB1120,Iberia,Adolfo Suárez Madrid–Barajas,Charles de Gaulle,7/2/2022,2/23/2022,3,336.15
NZ6764,Air New Zealand,Auckland Airport,Sydney Airport,2/16/2022,6/15/2022,19,2901.86
AZ3269,Alitalia,Leonardo da Vinci International,Charles de Gaulle,8/5/2022,10/19/2022,7,3513.53
LA7284,LATAM Airlines,São Paulo/Guarulhos International,Ministro Pistarini International,12/17/2022,8/4/2022,5,1346.5
LH4335,Lufthansa,Frankfurt Airport,Charles de Gaulle,1/31/2022,8/29/2022,1,941.86
ET5694,Ethiopian Airlines,Bole International,Amsterdam Airport Schiphol,3/15/2022,5/10/2022,4,4776.68
ET5592,Ethiopian Airlines,Bole International,Hamad International,7/14/2022,12/27/2022,9,3358.44
BA1520,British Airways,Heathrow,Charles de Gaulle,8/2/2022,8/6/2022,2,4701.34
UA4386,United Airlines,Los Angeles International,San Francisco International,10/24/2022,8/2/2022,11,4061.25
KE9018,Korean Air,Incheon International,Haneda,3/4/2022,1/4/2022,9,1827.39
UA8685,United Airlines,Los Angeles International,San Francisco International,4/21/2022,10/18/2022,21,4568.69
AZ9450,Alitalia,Leonardo da Vinci International,Charles de Gaulle,3/20/2022,9/23/2022,9,3495.55
SQ2197,Singapore Airlines,Changi,Beijing Capital International,2/13/2022,1/14/2022,21,983.76
QR2285,Qatar Airways,Hamad International,Bole International,12/26/2022,10/26/2022,4,600.05
EK4358,Emirates,Dubai International,Hamad International,3/12/2022,4/11/2022,5,389.86
UA3037,United Airlines,Los Angeles International,San Francisco International,3/19/2022,7/8/2022,17,847.32
ET8283,Ethiopian Airlines,Bole International,Vienna International,3/6/2022,2/11/2022,14,4882.83
EK8650,Emirates,Dubai International,Hamad International,10/1/2022,11/4/2022,7,2952.69
IB5567,Iberia,Adolfo Suárez Madrid–Barajas,Jorge Chávez International,12/21/2022,11/27/2022,22,3380.23
ET7697,Ethiopian Airlines,Bole International,Hamad International,3/8/2022,10/3/2022,17,3585.71
SA9164,South African Airways,O.R. Tambo International,Charles de Gaulle,7/20/2022,12/19/2022,5,644.06
LH9450,Lufthansa,Frankfurt Airport,Charles de Gaulle,9/18/2022,4/6/2022,4,1131.57
AF9778,Air France,Charles de Gaulle,Frankfurt Airport,10/3/2022,9/14/2022,3,4572.79
TG4099,Thai Airways,Suvarnabhumi,Brisbane Airport,4/9/2022,1/13/2022,24,2363.28
SA3979,South African Airways,O.R. Tambo International,Charles de Gaulle,12/11/2022,12/3/2022,3,1036.7
AV9896,Avianca,El Dorado International,Cape Town International,4/5/2022,2/17/2022,5,582.82
QR7768,Qatar Airways,Hamad International,Bole International,6/14/2022,6/5/2022,6,314.86
AF3915,Air France,Charles de Gaulle,Frankfurt Airport,7/28/2022,5/7/2022,5,3432.55
AZ7659,Alitalia,Leonardo da Vinci International,Charles de Gaulle,10/6/2022,7/26/2022,21,1172.17
SQ8152,Singapore Airlines,Changi,Beijing Capital International,2/3/2022,5/1/2022,1,606.38
QR8144,Qatar Airways,Hamad International,Bole International,10/3/2022,11/27/2022,21,2702.17
SK7231,SAS Scandinavian,Copenhagen Airport,Charles de Gaulle,11/23/2022,10/29/2022,1,3032.25
TG2245,Thai Airways,Suvarnabhumi,Jomo Kenyatta International,8/14/2022,4/16/2022,6,4585.38
AM5249,Aeroméxico,Benito Juárez International,Melbourne Airport,11/1/2022,2/14/2022,24,2017.07
EK9627,Emirates,Dubai International,Hamad International,4/3/2022,3/17/2022,15,3711.83
NZ2706,Air New Zealand,Auckland Airport,Sydney Airport,5/10/2022,3/19/2022,5,1886.03
NZ7268,Air New Zealand,Auckland Airport,Changi,7/7/2022,8/15/2022,16,3604.29
UA7982,United Airlines,Los Angeles International,San Francisco International,9/29/2022,4/11/2022,20,1997.39
BA9707,British Airways,Heathrow,Charles de Gaulle,6/22/2022,3/21/2022,1,3726.79
AF2649,Air France,Charles de Gaulle,Frankfurt Airport,4/25/2022,5/2/2022,5,2109.45
SA4548,South African Airways,O.R. Tambo International,Charles de Gaulle,6/23/2022,5/25/2022,19,1113.17
NZ5791,Air New Zealand,Auckland Airport,Toronto Pearson,3/25/2022,3/1/2022,3,369.42
SA8070,South African Airways,O.R. Tambo International,Charles de Gaulle,2/8/2022,10/14/2022,21,1191.23
LA9341,LATAM Airlines,São Paulo/Guarulhos International,Ministro Pistarini International,6/5/2022,12/13/2022,16,918.74
NZ5969,Air New Zealand,Auckland Airport,Sydney Airport,3/18/2022,12/16/2022,7,1492.94
LH4045,Lufthansa,Frankfurt Airport,Charles de Gaulle,11/7/2022,1/7/2022,6,3304.52
NH9930,All Nippon Airways,Haneda,Incheon International,5/16/2022,12/12/2022,20,1392.6
AZ3752,Alitalia,Leonardo da Vinci International,Adolfo Suárez Madrid–Barajas,9/3/2022,4/30/2022,9,359.12
UA6879,United Airlines,Los Angeles International,San Francisco International,4/8/2022,8/25/2022,19,4329.52
KE3039,Korean Air,Incheon International,Haneda,1/11/2022,9/25/2022,8,1349.36
IB5603,Iberia,Adolfo Suárez Madrid–Barajas,Indira Gandhi International,12/15/2022,7/29/2022,8,2942.49
SA3890,South African Airways,O.R. Tambo International,Charles de Gaulle,9/2/2022,11/26/2022,10,4545.84
DL4294,Delta Air Lines,John F. Kennedy International,Hartsfield-Jackson Atlanta,12/28/2022,2/28/2022,3,1762.6
LA6492,LATAM Airlines,São Paulo/Guarulhos International,Ministro Pistarini International,6/7/2022,8/4/2022,1,730.19
AI4967,Air India,Indira Gandhi International,Chhatrapati Shivaji International,9/17/2022,4/27/2022,7,4123.05
WN2879,Southwest Airlines,Los Angeles International,San Francisco International,3/7/2022,9/28/2022,24,4640.54
AF2649,Air France,Charles de Gaulle,Frankfurt Airport,4/16/2022,11/5/2022,22,1221.04
IB1849,Iberia,Adolfo Suárez Madrid–Barajas,Chhatrapati Shivaji International,1/28/2022,6/13/2022,2,4302.85
TG3301,Thai Airways,Suvarnabhumi,Changi,12/18/2022,4/28/2022,6,2737.8
WN3907,Southwest Airlines,Los Angeles International,San Francisco International,3/7/2022,11/10/2022,20,1630.67
QR7020,Qatar Airways,Hamad International,São Paulo/Guarulhos International,4/8/2022,4/18/2022,6,4339.23
ET9590,Ethiopian Airlines,Bole International,Indira Gandhi International,3/5/2022,6/26/2022,22,422.46
NZ6489,Air New Zealand,Auckland Airport,Sydney Airport,10/22/2022,6/5/2022,7,2000.51
NZ9821,Air New Zealand,Auckland Airport,Sydney Airport,3/4/2022,11/11/2022,6,3305.1
IB3698,Iberia,Adolfo Suárez Madrid–Barajas,Charles de Gaulle,3/12/2022,6/3/2022,14,312.14
CX8226,Cathay Pacific,Hong Kong International,Incheon International,4/29/2022,8/13/2022,2,4180.66
SQ8734,Singapore Airlines,Changi,Beijing Capital International,12/25/2022,10/30/2022,1,2546.03
BA4740,British Airways,Heathrow,Charles de Gaulle,11/1/2022,3/16/2022,6,4785.44
SA1308,South African Airways,O.R. Tambo International,Charles de Gaulle,8/11/2022,4/24/2022,14,3991.89
IB6339,Iberia,Adolfo Suárez Madrid–Barajas,Auckland Airport,5/26/2022,5/9/2022,8,364.21
QF8737,Qantas,Sydney Airport,Melbourne Airport,9/3/2022,1/25/2022,23,867.93
AV5400,Avianca,El Dorado International,O'Hare International,1/30/2022,1/19/2022,21,4434.47
AM8041,Aeroméxico,Benito Juárez International,O'Hare International,5/18/2022,5/4/2022,15,4876.94
SQ9917,Singapore Airlines,Changi,Hong Kong International,5/28/2022,11/29/2022,6,2500.42
DL8968,Delta Air Lines,John F. Kennedy International,Hartsfield-Jackson Atlanta,7/5/2022,3/1/2022,9,4815.77
SQ6672,Singapore Airlines,Changi,Beijing Capital International,7/25/2022,12/19/2022,14,778.57
CX5049,Cathay Pacific,Hong Kong International,Changi,2/18/2022,5/14/2022,24,2802.61
NH1887,All Nippon Airways,Haneda,Copenhagen Airport,9/14/2022,7/11/2022,10,218.66
BA4860,British Airways,Heathrow,Zurich Airport,4/6/2022,12/18/2022,6,3076.4
SK7629,SAS Scandinavian,Copenhagen Airport,Adolfo Suárez Madrid–Barajas,12/21/2022,4/16/2022,22,2151.15
LA4585,LATAM Airlines,São Paulo/Guarulhos International,Frankfurt Airport,7/9/2022,5/15/2022,5,614.92
NZ1208,Air New Zealand,Auckland Airport,Beijing Capital International,8/11/2022,2/2/2022,13,1264.82
AF7307,Air France,Charles de Gaulle,Frankfurt Airport,6/11/2022,1/23/2022,22,1884.99
AZ5379,Alitalia,Leonardo da Vinci International,Charles de Gaulle,1/8/2022,6/12/2022,15,4413.22
NZ4284,Air New Zealand,Auckland Airport,Beijing Capital International,11/2/2022,2/13/2022,21,352.04
AC2407,Air Canada,Toronto Pearson,John F. Kennedy International,4/28/2022,12/9/2022,1,4385.71
LA1166,LATAM Airlines,São Paulo/Guarulhos International,Ministro Pistarini International,3/12/2022,11/21/2022,3,1771.09
NZ3584,Air New Zealand,Auckland Airport,Sydney Airport,1/4/2022,12/14/2022,10,2711.61
SA1241,South African Airways,O.R. Tambo International,Charles de Gaulle,3/4/2022,3/22/2022,22,3361.65
WN1044,Southwest Airlines,Los Angeles International,San Francisco International,1/2/2022,5/29/2022,9,4203.45
AA5224,American Airlines,John F. Kennedy International,Hartsfield-Jackson Atlanta,5/17/2022,7/6/2022,15,3526.39
AA3897,American Airlines,John F. Kennedy International,Hartsfield-Jackson Atlanta,3/26/2022,6/21/2022,17,4747.23
KE5551,Korean Air,Incheon International,Kuala Lumpur International,1/30/2022,8/7/2022,1,4216.67
DL1278,Delta Air Lines,John F. Kennedy International,Hartsfield-Jackson Atlanta,7/28/2022,2/4/2022,14,4815.89
SA2979,South African Airways,O.R. Tambo International,Charles de Gaulle,3/30/2022,9/4/2022,24,3592.84
CX7552,Cathay Pacific,Hong Kong International,Changi,2/4/2022,4/17/2022,19,1813.01
AM8332,Aeroméxico,Benito Juárez International,Vancouver International,2/18/2022,3/29/2022,17,2800.39
UA3991,United Airlines,Los Angeles International,Seattle-Tacoma International,3/24/2022,8/5/2022,22,4941.65
LH1504,Lufthansa,Frankfurt Airport,Charles de Gaulle,2/12/2022,8/20/2022,24,4573.79
AZ7460,Alitalia,Leonardo da Vinci International,Cairo International,6/13/2022,4/16/2022,11,1330.35
KE6371,Korean Air,Incheon International,Haneda,4/22/2022,9/16/2022,21,470.12
SK8185,SAS Scandinavian,Copenhagen Airport,Leonardo da Vinci International,3/4/2022,4/8/2022,2,4166.41
LA9967,LATAM Airlines,São Paulo/Guarulhos International,Arturo Merino Benítez International,1/13/2022,9/10/2022,22,2459.33
WN5713,Southwest Airlines,Los Angeles International,John F. Kennedy International,5/3/2022,10/28/2022,23,3432.83
NZ2117,Air New Zealand,Auckland Airport,Sydney Airport,2/24/2022,6/19/2022,13,2904.53
LH2054,Lufthansa,Frankfurt Airport,Charles de Gaulle,12/2/2022,11/5/2022,11,3468.35
DL4964,Delta Air Lines,John F. Kennedy International,Hartsfield-Jackson Atlanta,1/9/2022,3/25/2022,6,3097.84
AA3791,American Airlines,John F. Kennedy International,O'Hare International,1/7/2022,11/29/2022,7,3747.98
BA4260,British Airways,Heathrow,Charles de Gaulle,10/20/2022,10/30/2022,20,347.25
AZ2894,Alitalia,Leonardo da Vinci International,Copenhagen Airport,3/11/2022,7/25/2022,9,2558.66
AF6122,Air France,Charles de Gaulle,Brisbane Airport,3/13/2022,12/13/2022,7,2277.75
QF4267,Qantas,Sydney Airport,Suvarnabhumi,6/19/2022,10/20/2022,19,805.95
NH8896,All Nippon Airways,Haneda,Incheon International,5/14/2022,9/13/2022,19,2031.85
AF7952,Air France,Charles de Gaulle,Frankfurt Airport,4/8/2022,3/19/2022,15,3079.99
KE6940,Korean Air,Incheon International,Haneda,5/23/2022,6/4/2022,5,2553.36
LA7850,LATAM Airlines,São Paulo/Guarulhos International,Ministro Pistarini International,11/14/2022,5/30/2022,17,3613.05
QR3795,Qatar Airways,Hamad International,Copenhagen Airport,3/22/2022,1/2/2022,17,3624.19
BA1338,British Airways,Heathrow,O.R. Tambo International,8/9/2022,11/11/2022,5,4359.09
TG5846,Thai Airways,Suvarnabhumi,Changi,5/5/2022,4/18/2022,13,3925.09
NZ4558,Air New Zealand,Auckland Airport,Sydney Airport,4/12/2022,5/3/2022,18,3426.09
IB9980,Iberia,Adolfo Suárez Madrid–Barajas,Charles de Gaulle,11/13/2022,5/16/2022,5,1093.38
NH7999,All Nippon Airways,Haneda,Incheon International,5/31/2022,11/25/2022,14,3587.4
EK8169,Emirates,Dubai International,Hamad International,2/17/2022,5/12/2022,6,4309.7
WN4295,Southwest Airlines,Los Angeles International,Denver International,3/19/2022,5/25/2022,7,3804.57
NZ5909,Air New Zealand,Auckland Airport,Vancouver International,3/11/2022,5/5/2022,6,2086.46
AI2711,Air India,Indira Gandhi International,Chhatrapati Shivaji International,6/18/2022,7/29/2022,15,3869.76
TG7537,Thai Airways,Suvarnabhumi,Changi,12/9/2022,6/17/2022,6,4081.2
AA6888,American Airlines,John F. Kennedy International,Hartsfield-Jackson Atlanta,9/3/2022,3/26/2022,23,4694.33
KE3990,Korean Air,Incheon International,Haneda,2/18/2022,6/1/2022,7,4646.7
BA2476,British Airways,Heathrow,Adolfo Suárez Madrid–Barajas,3/2/2022,2/22/2022,22,2638.45
DL4552,Delta Air Lines,John F. Kennedy International,Kuala Lumpur International,5/18/2022,1/5/2022,3,673.07
QR2054,Qatar Airways,Hamad International,Bole International,1/27/2022,10/25/2022,23,3248.83
QF2199,Qantas,Sydney Airport,Melbourne Airport,4/5/2022,11/3/2022,11,3921.77
SK6738,SAS Scandinavian,Copenhagen Airport,Charles de Gaulle,5/25/2022,5/28/2022,10,1229.3
AF3760,Air France,Charles de Gaulle,Frankfurt Airport,1/29/2022,3/12/2022,22,2532.39
BA1338,British Airways,Heathrow,O.R. Tambo International,5/2/2022,9/23/2022,12,2101.19
AF8227,Air France,Charles de Gaulle,Frankfurt Airport,3/8/2022,12/29/2022,4,4722.83
TG1140,Thai Airways,Suvarnabhumi,Toronto Pearson,12/8/2022,10/23/2022,19,3735.31
SA3713,South African Airways,O.R. Tambo International,Frankfurt Airport,2/20/2022,8/7/2022,15,1373.43
UA4237,United Airlines,Los Angeles International,San Francisco International,1/25/2022,5/22/2022,16,3947.67
IB5036,Iberia,Adolfo Suárez Madrid–Barajas,Vancouver International,5/20/2022,1/1/2022,19,3877.15
IB9822,Iberia,Adolfo Suárez Madrid–Barajas,Charles de Gaulle,5/22/2022,9/30/2022,13,1678.2
SQ3534,Singapore Airlines,Changi,Leonardo da Vinci International,10/5/2022,1/11/2022,15,4613.84
SK1381,SAS Scandinavian,Copenhagen Airport,Charles de Gaulle,9/19/2022,7/21/2022,12,2068.62
AZ7831,Alitalia,Leonardo da Vinci International,Charles de Gaulle,8/11/2022,2/12/2022,23,4221.45
KL3949,KLM Royal Dutch Airlines,Amsterdam Airport Schiphol,Charles de Gaulle,10/21/2022,1/20/2022,23,1219.94
AV9047,Avianca,El Dorado International,São Paulo/Guarulhos International,11/28/2022,9/23/2022,12,1778.29
SK6642,SAS Scandinavian,Copenhagen Airport,Stockholm Arlanda,11/29/2022,5/21/2022,11,2058.42
AZ4087,Alitalia,Leonardo da Vinci International,Charles de Gaulle,3/12/2022,5/4/2022,7,1666.98
SA1209,South African Airways,O.R. Tambo International,Charles de Gaulle,10/3/2022,9/18/2022,3,696.01
QR9090,Qatar Airways,Hamad International,Bole International,10/26/2022,7/5/2022,13,2728.92
AZ7615,Alitalia,Leonardo da Vinci International,Charles de Gaulle,3/21/2022,5/11/2022,10,874.03
SQ4113,Singapore Airlines,Changi,Melbourne Airport,1/22/2022,3/16/2022,20,4668.72
WN6482,Southwest Airlines,Los Angeles International,Denver International,9/15/2022,11/14/2022,17,4684.03
ET6025,Ethiopian Airlines,Bole International,Changi,8/13/2022,1/24/2022,19,4868.24
AV8059,Avianca,El Dorado International,O'Hare International,5/16/2022,2/20/2022,19,4221.13
AV9215,Avianca,El Dorado International,O'Hare International,2/23/2022,10/7/2022,17,2330.83
AI1305,Air India,Indira Gandhi International,Kuala Lumpur International,6/15/2022,12/13/2022,17,897.59
SK3209,SAS Scandinavian,Copenhagen Airport,Charles de Gaulle,10/10/2022,9/24/2022,13,4458.68
WN1688,Southwest Airlines,Los Angeles International,San Francisco International,7/8/2022,4/30/2022,12,323.2
AI8973,Air India,Indira Gandhi International,Chhatrapati Shivaji International,1/24/2022,9/21/2022,19,3388.66
SQ4852,Singapore Airlines,Changi,Frankfurt Airport,10/11/2022,5/26/2022,23,4640.56
TG8950,Thai Airways,Suvarnabhumi,Changi,6/10/2022,12/12/2022,7,3431.68
IB2413,Iberia,Adolfo Suárez Madrid–Barajas,Cape Town International,2/2/2022,8/24/2022,16,830.79
AA3263,American Airlines,John F. Kennedy International,Hartsfield-Jackson Atlanta,9/20/2022,9/30/2022,6,3554.83
SA1191,South African Airways,O.R. Tambo International,Charles de Gaulle,10/30/2022,8/18/2022,2,798.36
LH5923,Lufthansa,Frankfurt Airport,Charles de Gaulle,3/14/2022,7/5/2022,11,105.02
DL2865,Delta Air Lines,John F. Kennedy International,Hartsfield-Jackson Atlanta,6/22/2022,10/2/2022,10,2207.18
AV9422,Avianca,El Dorado International,O'Hare International,3/3/2022,3/25/2022,14,4526.7
LA6020,LATAM Airlines,São Paulo/Guarulhos International,Ministro Pistarini International,7/1/2022,2/15/2022,4,4064.58
KL2423,KLM Royal Dutch Airlines,Amsterdam Airport Schiphol,Los Angeles International,6/15/2022,5/16/2022,17,3066.01
AF3957,Air France,Charles de Gaulle,Frankfurt Airport,12/18/2022,12/24/2022,7,1982.09
NZ4755,Air New Zealand,Auckland Airport,Sydney Airport,9/2/2022,11/24/2022,21,4579.39
CX1515,Cathay Pacific,Hong Kong International,Changi,5/2/2022,5/1/2022,20,218.69
QF6897,Qantas,Sydney Airport,Melbourne Airport,12/16/2022,3/6/2022,19,3998.16
QR8006,Qatar Airways,Hamad International,Leonardo da Vinci International,5/10/2022,12/21/2022,24,1776.85
AV8569,Avianca,El Dorado International,O'Hare International,9/20/2022,1/18/2022,10,2559.19
AZ6189,Alitalia,Leonardo da Vinci International,Cape Town International,12/12/2022,7/9/2022,22,1124.52
AZ1674,Alitalia,Leonardo da Vinci International,Charles de Gaulle,12/26/2022,8/8/2022,13,3334.82
AV1794,Avianca,El Dorado International,Leonardo da Vinci International,11/13/2022,6/17/2022,17,2969.67
CX6909,Cathay Pacific,Hong Kong International,Changi,10/20/2022,6/9/2022,4,2234.55
AF3446,Air France,Charles de Gaulle,Adolfo Suárez Madrid–Barajas,9/16/2022,12/5/2022,19,4155.85
AV4168,Avianca,El Dorado International,O'Hare International,7/31/2022,11/4/2022,1,1627.45
SK5565,SAS Scandinavian,Copenhagen Airport,Charles de Gaulle,9/17/2022,7/29/2022,21,2041.86
NH6392,All Nippon Airways,Haneda,Incheon International,9/2/2022,12/16/2022,7,1922.64
NH2978,All Nippon Airways,Haneda,Hong Kong International,11/10/2022,5/25/2022,21,2307.69
QF5089,Qantas,Sydney Airport,Melbourne Airport,1/19/2022,12/25/2022,15,1343.45
UA8748,United Airlines,Los Angeles International,Seattle-Tacoma International,5/22/2022,11/12/2022,17,2282.44
IB8511,Iberia,Adolfo Suárez Madrid–Barajas,Charles de Gaulle,12/13/2022,8/18/2022,23,4917.72
KE3806,Korean Air,Incheon International,Haneda,8/30/2022,7/15/2022,19,3851.09
AA5870,American Airlines,John F. Kennedy International,Hartsfield-Jackson Atlanta,12/23/2022,11/9/2022,12,4784.14
EK4332,Emirates,Dubai International,Hamad International,6/28/2022,6/24/2022,6,520.19
DL5548,Delta Air Lines,John F. Kennedy International,Hartsfield-Jackson Atlanta,2/10/2022,5/23/2022,14,3919.28
AV8856,Avianca,El Dorado International,O'Hare International,2/3/2022,2/18/2022,20,1299.45
AC9578,Air Canada,Toronto Pearson,John F. Kennedy International,2/9/2022,7/25/2022,1,2048.16
AV4401,Avianca,El Dorado International,O'Hare International,5/14/2022,5/19/2022,24,4215.11
ET6460,Ethiopian Airlines,Bole International,Leonardo da Vinci International,10/24/2022,4/10/2022,3,2277.47
SK8026,SAS Scandinavian,Copenhagen Airport,Charles de Gaulle,11/26/2022,10/17/2022,10,1494.84
NZ6764,Air New Zealand,Auckland Airport,Sydney Airport,5/19/2022,5/22/2022,11,3701.7
SA4050,South African Airways,O.R. Tambo International,Charles de Gaulle,9/13/2022,12/29/2022,12,2018.23
AF7087,Air France,Charles de Gaulle,Frankfurt Airport,11/25/2022,6/2/2022,9,4241.07
NZ3206,Air New Zealand,Auckland Airport,Sydney Airport,1/6/2022,1/4/2022,20,2699.85
KL6095,KLM Royal Dutch Airlines,Amsterdam Airport Schiphol,Charles de Gaulle,12/22/2022,10/22/2022,2,2567.96
EK9785,Emirates,Dubai International,Hamad International,11/15/2022,12/18/2022,12,203.7
BA8146,British Airways,Heathrow,Incheon International,11/5/2022,10/30/2022,10,1405.4
AZ1940,Alitalia,Leonardo da Vinci International,Charles de Gaulle,10/24/2022,6/15/2022,24,3568.69
BA4494,British Airways,Heathrow,Amsterdam Airport Schiphol,2/26/2022,6/15/2022,23,4595.68
TG5210,Thai Airways,Suvarnabhumi,Beijing Capital International,8/24/2022,6/5/2022,17,572.41
DL1925,Delta Air Lines,John F. Kennedy International,Hartsfield-Jackson Atlanta,3/31/2022,11/2/2022,6,3512.28
LA3981,LATAM Airlines,São Paulo/Guarulhos International,Ministro Pistarini International,5/15/2022,1/22/2022,22,1222.74
AI8052,Air India,Indira Gandhi International,Chhatrapati Shivaji International,8/29/2022,2/28/2022,9,2333.97
UA9363,United Airlines,Los Angeles International,San Francisco International,9/21/2022,1/2/2022,8,2149.17
AZ9564,Alitalia,Leonardo da Vinci International,Copenhagen Airport,7/4/2022,10/15/2022,4,1683.96
SQ2302,Singapore Airlines,Changi,Hong Kong International,7/10/2022,9/25/2022,14,395.7
AA6494,American Airlines,John F. Kennedy International,Hartsfield-Jackson Atlanta,2/16/2022,2/23/2022,20,1054.91
IB8156,Iberia,Adolfo Suárez Madrid–Barajas,Frankfurt Airport,10/15/2022,4/13/2022,10,4391.27
SA7853,South African Airways,O.R. Tambo International,Charles de Gaulle,9/28/2022,10/25/2022,10,704.85
LH5685,Lufthansa,Frankfurt Airport,Stockholm Arlanda,6/9/2022,11/21/2022,8,3242.44
SA2233,South African Airways,O.R. Tambo International,Charles de Gaulle,2/22/2022,11/29/2022,12,4248.09
KE2630,Korean Air,Incheon International,Haneda,4/23/2022,7/24/2022,20,1133.75
SK1381,SAS Scandinavian,Copenhagen Airport,Charles de Gaulle,9/7/2022,8/7/2022,14,421.01
CX8341,Cathay Pacific,Hong Kong International,Incheon International,2/28/2022,5/12/2022,16,3400.71
ET3617,Ethiopian Airlines,Bole International,Hartsfield-Jackson Atlanta,2/22/2022,3/21/2022,7,472.06
SQ2855,Singapore Airlines,Changi,Beijing Capital International,12/10/2022,11/1/2022,7,4260.46
AM1832,Aeroméxico,Benito Juárez International,O'Hare International,10/18/2022,3/9/2022,21,4723.6
SK6941,SAS Scandinavian,Copenhagen Airport,Charles de Gaulle,12/27/2022,11/21/2022,22,3333.57
KE6235,Korean Air,Incheon International,Haneda,7/17/2022,12/22/2022,16,3982.23
QR5358,Qatar Airways,Hamad International,Jomo Kenyatta International,10/25/2022,12/8/2022,22,1473.82
LH5030,Lufthansa,Frankfurt Airport,Charles de Gaulle,5/2/2022,4/17/2022,20,1346.92
KL9931,KLM Royal Dutch Airlines,Amsterdam Airport Schiphol,Charles de Gaulle,10/21/2022,4/9/2022,23,3845.08
IB3773,Iberia,Adolfo Suárez Madrid–Barajas,Charles de Gaulle,2/22/2022,6/15/2022,8,1413.37
AM2109,Aeroméxico,Benito Juárez International,Dallas/Fort Worth International,12/29/2022,2/15/2022,8,2924.62
ET8668,Ethiopian Airlines,Bole International,Hamad International,6/11/2022,4/2/2022,13,164.32
LA2023,LATAM Airlines,São Paulo/Guarulhos International,Ministro Pistarini International,6/5/2022,10/4/2022,22,3401.32
QR2850,Qatar Airways,Hamad International,Bole International,10/28/2022,2/26/2022,13,4183.18
AI7496,Air India,Indira Gandhi International,Dubai International,6/8/2022,12/14/2022,23,3144.16
DL7685,Delta Air Lines,John F. Kennedy International,Hartsfield-Jackson Atlanta,5/16/2022,12/24/2022,1,386.37
ET3500,Ethiopian Airlines,Bole International,Frankfurt Airport,10/8/2022,5/9/2022,7,896.8
BA8817,British Airways,Heathrow,Charles de Gaulle,6/25/2022,1/16/2022,13,1848.0
QF8737,Qantas,Sydney Airport,Melbourne Airport,2/26/2022,4/25/2022,12,1724.95
SK2402,SAS Scandinavian,Copenhagen Airport,Amsterdam Airport Schiphol,6/20/2022,10/28/2022,17,126.45
EK2646,Emirates,Dubai International,Hamad International,6/8/2022,11/3/2022,22,2200.86
CX9713,Cathay Pacific,Hong Kong International,Changi,9/11/2022,4/29/2022,16,727.78
UA1618,United Airlines,Los Angeles International,San Francisco International,8/12/2022,12/8/2022,14,291.91
IB7772,Iberia,Adolfo Suárez Madrid–Barajas,Charles de Gaulle,8/27/2022,6/30/2022,12,1428.13
LH4362,Lufthansa,Frankfurt Airport,São Paulo/Guarulhos International,1/24/2022,2/16/2022,6,1078.11
LH5512,Lufthansa,Frankfurt Airport,Charles de Gaulle,7/1/2022,5/7/2022,20,4700.2
QR2054,Qatar Airways,Hamad International,Bole International,11/2/2022,5/18/2022,15,3015.84
AZ2467,Alitalia,Leonardo da Vinci International,Vienna International,7/4/2022,8/31/2022,19,3103.63
NZ8857,Air New Zealand,Auckland Airport,Incheon International,10/5/2022,4/22/2022,4,3219.76
BA1466,British Airways,Heathrow,Charles de Gaulle,10/24/2022,4/22/2022,14,2931.16
EK7982,Emirates,Dubai International,Hamad International,11/24/2022,7/19/2022,1,1877.75
AV1860,Avianca,El Dorado International,Auckland Airport,12/3/2022,2/14/2022,4,550.67
EK2841,Emirates,Dubai International,Changi,6/18/2022,12/19/2022,6,615.74
NH8258,All Nippon Airways,Haneda,Incheon International,8/29/2022,11/24/2022,3,3342.66
AC5785,Air Canada,Toronto Pearson,John F. Kennedy International,2/11/2022,1/26/2022,19,1315.91
LH5151,Lufthansa,Frankfurt Airport,Melbourne Airport,10/19/2022,2/25/2022,6,1578.13
AV5598,Avianca,El Dorado International,O'Hare International,9/15/2022,9/16/2022,3,3355.08
SK9514,SAS Scandinavian,Copenhagen Airport,Charles de Gaulle,4/4/2022,4/18/2022,23,2983.59
NH7063,All Nippon Airways,Haneda,Incheon International,10/2/2022,11/16/2022,22,2753.45
AI6534,Air India,Indira Gandhi International,Chhatrapati Shivaji International,12/7/2022,11/12/2022,12,3019.28
SA5364,South African Airways,O.R. Tambo International,Charles de Gaulle,9/21/2022,6/27/2022,12,210.83
KL9656,KLM Royal Dutch Airlines,Amsterdam Airport Schiphol,Charles de Gaulle,4/16/2022,5/18/2022,18,2903.0
DL7036,Delta Air Lines,John F. Kennedy International,Hartsfield-Jackson Atlanta,5/29/2022,2/18/2022,1,1515.86
EK7294,Emirates,Dubai International,Hamad International,9/24/2022,1/16/2022,23,3994.84
AV2744,Avianca,El Dorado International,O'Hare International,2/22/2022,8/7/2022,23,2250.84
AF8392,Air France,Charles de Gaulle,Frankfurt Airport,1/4/2022,11/9/2022,9,2257.39
AV3764,Avianca,El Dorado International,O'Hare International,4/15/2022,4/7/2022,10,4138.91
UA4288,United Airlines,Los Angeles International,San Francisco International,1/5/2022,5/13/2022,23,4535.77
SK7094,SAS Scandinavian,Copenhagen Airport,Leonardo da Vinci International,3/13/2022,5/2/2022,18,3135.76
NZ8860,Air New Zealand,Auckland Airport,Charles de Gaulle,8/31/2022,11/22/2022,11,533.67
AI2823,Air India,Indira Gandhi International,Beijing Capital International,10/16/2022,8/8/2022,1,2049.17
AF9694,Air France,Charles de Gaulle,Frankfurt Airport,8/10/2022,5/11/2022,4,3714.64
EK8611,Emirates,Dubai International,Hamad International,10/23/2022,1/16/2022,3,3399.86
NH4965,All Nippon Airways,Haneda,Incheon International,1/30/2022,10/15/2022,12,490.04
SA8416,South African Airways,O.R. Tambo International,Charles de Gaulle,9/8/2022,5/29/2022,10,4495.24
LH3978,Lufthansa,Frankfurt Airport,Charles de Gaulle,7/19/2022,1/18/2022,19,1865.97
QF1046,Qantas,Sydney Airport,Melbourne Airport,4/16/2022,1/27/2022,15,434.71
SK3209,SAS Scandinavian,Copenhagen Airport,Charles de Gaulle,5/30/2022,8/24/2022,4,2031.22
BA2913,British Airways,Heathrow,Charles de Gaulle,1/11/2022,12/11/2022,19,308.36
AF1136,Air France,Charles de Gaulle,Leonardo da Vinci International,7/19/2022,1/1/2022,8,756.5
DL4343,Delta Air Lines,John F. Kennedy International,Logan International,4/2/2022,6/12/2022,10,419.2
AV1831,Avianca,El Dorado International,Heathrow,7/4/2022,9/23/2022,6,4293.61
ET6738,Ethiopian Airlines,Bole International,Hamad International,4/5/2022,8/13/2022,1,2010.46
EK5091,Emirates,Dubai International,Hamad International,7/20/2022,11/2/2022,19,1900.78
AV4922,Avianca,El Dorado International,Sydney Airport,4/12/2022,7/20/2022,7,2878.34
BA1559,British Airways,Heathrow,Charles de Gaulle,4/5/2022,6/29/2022,6,2279.23
WN6588,Southwest Airlines,Los Angeles International,San Francisco International,12/17/2022,7/30/2022,16,331.69
LA3981,LATAM Airlines,São Paulo/Guarulhos International,Ministro Pistarini International,11/1/2022,6/21/2022,10,179.07
CX9570,Cathay Pacific,Hong Kong International,Changi,1/8/2022,1/15/2022,18,1052.03
AA5371,American Airlines,John F. Kennedy International,Hartsfield-Jackson Atlanta,8/8/2022,5/19/2022,21,4968.79
NH1605,All Nippon Airways,Haneda,Incheon International,9/24/2022,3/7/2022,7,485.98
EK7708,Emirates,Dubai International,Hamad International,5/9/2022,2/6/2022,8,4414.54
TG3813,Thai Airways,Suvarnabhumi,Incheon International,2/23/2022,6/21/2022,21,1784.83
AI6971,Air India,Indira Gandhi International,Amsterdam Airport Schiphol,10/19/2022,9/14/2022,17,813.29
AI2702,Air India,Indira Gandhi International,Chhatrapati Shivaji International,9/2/2022,4/29/2022,5,1498.88
NH1353,All Nippon Airways,Haneda,Toronto Pearson,12/12/2022,7/16/2022,1,2884.54
KE6046,Korean Air,Incheon International,Haneda,11/22/2022,9/29/2022,20,688.88
WN5043,Southwest Airlines,Los Angeles International,San Francisco International,6/11/2022,5/18/2022,18,2148.4
SQ5181,Singapore Airlines,Changi,Hong Kong International,2/28/2022,7/30/2022,6,1731.48
BA8137,British Airways,Heathrow,Charles de Gaulle,3/22/2022,9/2/2022,10,4602.22
KL8812,KLM Royal Dutch Airlines,Amsterdam Airport Schiphol,Charles de Gaulle,1/18/2022,11/12/2022,7,4080.87
QR1033,Qatar Airways,Hamad International,Bole International,9/13/2022,12/1/2022,17,1966.81
LH4196,Lufthansa,Frankfurt Airport,Ministro Pistarini International,3/2/2022,6/28/2022,2,2547.74
EK7150,Emirates,Dubai International,Chhatrapati Shivaji International,4/7/2022,3/25/2022,21,1230.99
KE4924,Korean Air,Incheon International,Changi,9/29/2022,5/8/2022,10,3477.89
NH4113,All Nippon Airways,Haneda,Incheon International,11/6/2022,6/19/2022,23,945.41
ET7935,Ethiopian Airlines,Bole International,Cairo International,2/26/2022,3/26/2022,24,3469.82
NZ1218,Air New Zealand,Auckland Airport,Melbourne Airport,10/27/2022,4/13/2022,13,3638.69
TG9446,Thai Airways,Suvarnabhumi,Changi,9/6/2022,11/6/2022,20,2963.53
EK4332,Emirates,Dubai International,Hamad International,2/20/2022,6/17/2022,3,4567.11
BA7302,British Airways,Heathrow,Charles de Gaulle,9/4/2022,10/24/2022,18,2637.44
AI8540,Air India,Indira Gandhi International,Chhatrapati Shivaji International,4/11/2022,12/28/2022,14,1159.05
AA4621,American Airlines,John F. Kennedy International,Hartsfield-Jackson Atlanta,1/3/2022,2/2/2022,17,706.18
LA9443,LATAM Airlines,São Paulo/Guarulhos International,John F. Kennedy International,4/27/2022,2/19/2022,4,3670.15
AC5771,Air Canada,Toronto Pearson,John F. Kennedy International,7/22/2022,7/17/2022,22,666.8
SQ8339,Singapore Airlines,Changi,Beijing Capital International,11/26/2022,5/13/2022,21,3153.12
IB1305,Iberia,Adolfo Suárez Madrid–Barajas,Charles de Gaulle,5/27/2022,12/1/2022,22,1993.04
ET3547,Ethiopian Airlines,Bole International,Amsterdam Airport Schiphol,6/20/2022,4/27/2022,18,170.47
AM6972,Aeroméxico,Benito Juárez International,O'Hare International,10/30/2022,7/4/2022,20,3149.38
LH5074,Lufthansa,Frankfurt Airport,Charles de Gaulle,11/12/2022,9/9/2022,12,777.89
SA7753,South African Airways,O.R. Tambo International,Charles de Gaulle,12/4/2022,3/1/2022,24,240.78
AV2480,Avianca,El Dorado International,O'Hare International,11/4/2022,11/23/2022,4,498.35
QF6818,Qantas,Sydney Airport,O.R. Tambo International,1/21/2022,5/31/2022,19,1634.86
AI6387,Air India,Indira Gandhi International,Chhatrapati Shivaji International,10/4/2022,12/28/2022,22,109.3
AC5997,Air Canada,Toronto Pearson,El Dorado International,10/4/2022,8/6/2022,15,2714.93
QR3251,Qatar Airways,Hamad International,Bole International,3/4/2022,6/29/2022,11,1376.98
CX1254,Cathay Pacific,Hong Kong International,Changi,11/25/2022,12/2/2022,3,1606.39
LA7916,LATAM Airlines,São Paulo/Guarulhos International,Amsterdam Airport Schiphol,6/25/2022,2/12/2022,6,3877.0
SQ8734,Singapore Airlines,Changi,Beijing Capital International,1/17/2022,5/30/2022,10,1674.36
SK1604,SAS Scandinavian,Copenhagen Airport,Charles de Gaulle,7/11/2022,3/17/2022,4,1236.08
AF5555,Air France,Charles de Gaulle,Hong Kong International,6/10/2022,2/20/2022,24,4993.26
KL2299,KLM Royal Dutch Airlines,Amsterdam Airport Schiphol,Charles de Gaulle,1/1/2022,12/9/2022,16,4274.28
WN5349,Southwest Airlines,Los Angeles International,San Francisco International,10/2/2022,11/15/2022,2,692.18
BA6368,British Airways,Heathrow,Charles de Gaulle,1/15/2022,3/6/2022,23,719.82
ET5363,Ethiopian Airlines,Bole International,Hamad International,1/7/2022,4/20/2022,16,4704.91
QR7324,Qatar Airways,Hamad International,Miami International,8/21/2022,10/18/2022,20,4467.04
ET8685,Ethiopian Airlines,Bole International,Adolfo Suárez Madrid–Barajas,7/9/2022,8/28/2022,11,3143.28
TG3255,Thai Airways,Suvarnabhumi,Changi,6/15/2022,1/24/2022,7,4430.07
SA9162,South African Airways,O.R. Tambo International,Charles de Gaulle,1/28/2022,8/30/2022,23,3653.54
EK5205,Emirates,Dubai International,Hamad International,10/31/2022,9/22/2022,15,4459.86
AZ6191,Alitalia,Leonardo da Vinci International,Frankfurt Airport,9/24/2022,5/4/2022,6,1145.01
AC1049,Air Canada,Toronto Pearson,John F. Kennedy International,7/17/2022,8/16/2022,21,3846.76
NZ4073,Air New Zealand,Auckland Airport,Sydney Airport,10/19/2022,12/10/2022,21,3152.01
UA2957,United Airlines,Los Angeles International,San Francisco International,9/25/2022,3/1/2022,11,3135.77
KE8185,Korean Air,Incheon International,Haneda,1/8/2022,1/23/2022,12,1995.24
AZ6818,Alitalia,Leonardo da Vinci International,Charles de Gaulle,10/26/2022,12/20/2022,8,3879.43
KE4812,Korean Air,Incheon International,Haneda,3/17/2022,5/14/2022,12,3439.83
AF6875,Air France,Charles de Gaulle,Melbourne Airport,3/28/2022,4/2/2022,5,700.34
QF6361,Qantas,Sydney Airport,Melbourne Airport,6/23/2022,5/30/2022,20,3291.39
BA6368,British Airways,Heathrow,Charles de Gaulle,1/10/2022,3/1/2022,2,4285.45
AZ9494,Alitalia,Leonardo da Vinci International,Frankfurt Airport,4/13/2022,10/3/2022,3,3287.55
LH6305,Lufthansa,Frankfurt Airport,Charles de Gaulle,6/23/2022,12/5/2022,15,1016.17
SK2512,SAS Scandinavian,Copenhagen Airport,Charles de Gaulle,8/30/2022,12/26/2022,14,3276.21
SQ4852,Singapore Airlines,Changi,Frankfurt Airport,11/12/2022,2/4/2022,9,2730.83
AC5997,Air Canada,Toronto Pearson,El Dorado International,8/5/2022,1/19/2022,22,570.06
AA7899,American Airlines,John F. Kennedy International,Hartsfield-Jackson Atlanta,4/22/2022,3/26/2022,23,155.72
EK8073,Emirates,Dubai International,Bole International,8/12/2022,9/23/2022,24,933.37
IB3912,Iberia,Adolfo Suárez Madrid–Barajas,John F. Kennedy International,11/12/2022,8/22/2022,15,4078.94
KE9706,Korean Air,Incheon International,Haneda,12/23/2022,5/5/2022,7,4285.4
SK9514,SAS Scandinavian,Copenhagen Airport,Charles de Gaulle,4/1/2022,3/24/2022,6,3578.05
AM8781,Aeroméxico,Benito Juárez International,O'Hare International,9/13/2022,4/22/2022,12,3321.45
QF8944,Qantas,Sydney Airport,Melbourne Airport,5/4/2022,11/9/2022,7,3047.24
CX9570,Cathay Pacific,Hong Kong International,Changi,12/21/2022,11/29/2022,9,3857.58
IB2236,Iberia,Adolfo Suárez Madrid–Barajas,Charles de Gaulle,6/27/2022,7/17/2022,10,804.06
SQ9484,Singapore Airlines,Changi,Beijing Capital International,2/21/2022,12/13/2022,4,1098.57
NH4302,All Nippon Airways,Haneda,Incheon International,4/5/2022,9/9/2022,9,2260.76
TG9905,Thai Airways,Suvarnabhumi,Changi,6/9/2022,5/16/2022,12,3724.66
KE8449,Korean Air,Incheon International,Suvarnabhumi,9/6/2022,3/8/2022,12,1802.53
AC8181,Air Canada,Toronto Pearson,John F. Kennedy International,1/24/2022,1/15/2022,3,942.76
IB5775,Iberia,Adolfo Suárez Madrid–Barajas,Leonardo da Vinci International,5/26/2022,11/11/2022,18,4957.74
SK8608,SAS Scandinavian,Copenhagen Airport,Charles de Gaulle,2/5/2022,6/16/2022,5,2309.99
QF2199,Qantas,Sydney Airport,Melbourne Airport,2/19/2022,2/2/2022,18,1876.28
TG2245,Thai Airways,Suvarnabhumi,Jomo Kenyatta International,8/28/2022,9/28/2022,9,2447.35
AI4273,Air India,Indira Gandhi International,Chhatrapati Shivaji International,5/21/2022,12/17/2022,4,1379.63
NH4813,All Nippon Airways,Haneda,Incheon International,4/18/2022,5/13/2022,6,4111.55
UA6425,United Airlines,Los Angeles International,San Francisco International,8/17/2022,4/16/2022,3,4255.19
EK8649,Emirates,Dubai International,Adolfo Suárez Madrid–Barajas,7/14/2022,3/18/2022,2,4691.33
AZ1725,Alitalia,Leonardo da Vinci International,Charles de Gaulle,1/12/2022,12/19/2022,13,3552.49
NZ9967,Air New Zealand,Auckland Airport,Sydney Airport,7/13/2022,6/26/2022,14,4255.33
AC5785,Air Canada,Toronto Pearson,John F. Kennedy International,7/5/2022,9/27/2022,2,2960.41
LH6417,Lufthansa,Frankfurt Airport,Ministro Pistarini International,9/12/2022,2/3/2022,7,2146.08
AV9215,Avianca,El Dorado International,O'Hare International,8/21/2022,2/9/2022,1,1657.72
AZ5154,Alitalia,Leonardo da Vinci International,Adolfo Suárez Madrid–Barajas,4/16/2022,4/3/2022,21,4584.92
AA1107,American Airlines,John F. Kennedy International,Hartsfield-Jackson Atlanta,6/18/2022,1/19/2022,16,4513.1
BA1583,British Airways,Heathrow,Charles de Gaulle,7/21/2022,7/23/2022,24,370.78
AF5408,Air France,Charles de Gaulle,Frankfurt Airport,9/27/2022,1/9/2022,1,4938.99
AV8487,Avianca,El Dorado International,O'Hare International,1/18/2022,1/31/2022,16,3960.32
KL5305,KLM Royal Dutch Airlines,Amsterdam Airport Schiphol,Charles de Gaulle,4/22/2022,6/23/2022,23,605.63
AA8984,American Airlines,John F. Kennedy International,Hartsfield-Jackson Atlanta,8/24/2022,2/17/2022,11,2547.92
QR1600,Qatar Airways,Hamad International,Charles de Gaulle,3/26/2022,4/2/2022,14,1190.78
AI1237,Air India,Indira Gandhi International,Chhatrapati Shivaji International,4/20/2022,7/18/2022,4,1733.97
NZ9821,Air New Zealand,Auckland Airport,Sydney Airport,8/28/2022,11/12/2022,15,4342.67
AZ8524,Alitalia,Leonardo da Vinci International,Charles de Gaulle,5/27/2022,8/25/2022,19,4663.28
SQ5580,Singapore Airlines,Changi,Melbourne Airport,1/5/2022,5/8/2022,10,1393.73
NH4207,All Nippon Airways,Haneda,Incheon International,1/24/2022,11/19/2022,3,3299.61
ET1231,Ethiopian Airlines,Bole International,Hamad International,9/24/2022,4/20/2022,3,1178.28
SQ4430,Singapore Airlines,Changi,Chhatrapati Shivaji International,2/27/2022,5/6/2022,19,2209.98
EK9909,Emirates,Dubai International,Hamad International,10/11/2022,4/14/2022,9,1466.27
AC7769,Air Canada,Toronto Pearson,Miami International,7/25/2022,10/6/2022,16,908.8
DL7492,Delta Air Lines,John F. Kennedy International,Hartsfield-Jackson Atlanta,1/16/2022,5/18/2022,18,457.58
AA7634,American Airlines,John F. Kennedy International,Hartsfield-Jackson Atlanta,12/7/2022,3/7/2022,20,3407.64
LH8821,Lufthansa,Frankfurt Airport,Leonardo da Vinci International,10/29/2022,5/6/2022,20,1567.77
AF9326,Air France,Charles de Gaulle,Incheon International,4/28/2022,11/13/2022,14,1683.5
NZ9603,Air New Zealand,Auckland Airport,Sydney Airport,11/16/2022,2/2/2022,19,2720.07
AC9854,Air Canada,Toronto Pearson,John F. Kennedy International,12/10/2022,5/9/2022,13,3023.85
LH3115,Lufthansa,Frankfurt Airport,Jorge Chávez International,5/13/2022,6/5/2022,2,2848.13
EK9536,Emirates,Dubai International,O.R. Tambo International,1/14/2022,11/1/2022,6,4476.63
KL3076,KLM Royal Dutch Airlines,Amsterdam Airport Schiphol,Cape Town International,7/9/2022,7/4/2022,5,1382.85
KE6939,Korean Air,Incheon International,Haneda,5/23/2022,12/21/2022,19,3592.62
KL5799,KLM Royal Dutch Airlines,Amsterdam Airport Schiphol,Munich Airport,4/5/2022,9/5/2022,3,2832.02
CX8815,Cathay Pacific,Hong Kong International,Vancouver International,11/9/2022,5/21/2022,17,1721.07
SK3891,SAS Scandinavian,Copenhagen Airport,Charles de Gaulle,3/17/2022,11/26/2022,3,4967.8
DL4436,Delta Air Lines,John F. Kennedy International,Bole International,9/20/2022,11/11/2022,20,2323.27
SA3589,South African Airways,O.R. Tambo International,Charles de Gaulle,5/8/2022,7/12/2022,21,1434.83
BA7435,British Airways,Heathrow,Frankfurt Airport,8/19/2022,2/13/2022,2,3676.82
LH5458,Lufthansa,Frankfurt Airport,Charles de Gaulle,3/29/2022,9/13/2022,3,4170.67
LA1090,LATAM Airlines,São Paulo/Guarulhos International,Ministro Pistarini International,11/23/2022,7/19/2022,14,1402.19
AV1393,Avianca,El Dorado International,Auckland Airport,3/26/2022,11/14/2022,11,1297.57
AC4609,Air Canada,Toronto Pearson,John F. Kennedy International,9/21/2022,4/20/2022,19,624.06
BA2476,British Airways,Heathrow,Adolfo Suárez Madrid–Barajas,12/28/2022,11/11/2022,12,786.68
AC3780,Air Canada,Toronto Pearson,Hartsfield-Jackson Atlanta,9/9/2022,4/2/2022,10,2801.19
CX4515,Cathay Pacific,Hong Kong International,Changi,3/3/2022,7/20/2022,12,4282.32
BA5635,British Airways,Heathrow,Charles de Gaulle,2/24/2022,9/5/2022,8,2542.83
TG7327,Thai Airways,Suvarnabhumi,Changi,6/13/2022,12/26/2022,16,2573.69
SQ4272,Singapore Airlines,Changi,Brisbane Airport,5/19/2022,5/26/2022,16,168.0
QR5080,Qatar Airways,Hamad International,John F. Kennedy International,2/12/2022,2/14/2022,16,1734.43
BA7496,British Airways,Heathrow,Vienna International,1/11/2022,2/10/2022,17,3125.96
QR5660,Qatar Airways,Hamad International,São Paulo/Guarulhos International,3/17/2022,1/4/2022,6,3323.31
AA6821,American Airlines,John F. Kennedy International,Hartsfield-Jackson Atlanta,8/27/2022,2/1/2022,15,4561.96
NH7134,All Nippon Airways,Haneda,Incheon International,5/19/2022,9/11/2022,14,4075.93
AF8178,Air France,Charles de Gaulle,Frankfurt Airport,7/22/2022,2/27/2022,10,2220.78
NH6128,All Nippon Airways,Haneda,Incheon International,7/9/2022,7/13/2022,7,702.47
NH3161,All Nippon Airways,Haneda,Incheon International,5/3/2022,5/16/2022,13,2325.15
AC3023,Air Canada,Toronto Pearson,Jorge Chávez International,4/1/2022,10/20/2022,21,2328.99
KE6728,Korean Air,Incheon International,Bole International,2/27/2022,6/6/2022,22,2892.68
SQ3539,Singapore Airlines,Changi,Incheon International,5/2/2022,11/17/2022,10,2059.52
QR6945,Qatar Airways,Hamad International,Adolfo Suárez Madrid–Barajas,3/12/2022,1/31/2022,5,4359.11
QF2364,Qantas,Sydney Airport,Melbourne Airport,2/3/2022,7/5/2022,13,4964.38
NZ1569,Air New Zealand,Auckland Airport,Sydney Airport,7/26/2022,11/6/2022,16,343.4
AI5614,Air India,Indira Gandhi International,Charles de Gaulle,5/28/2022,1/9/2022,2,1040.34
AC2041,Air Canada,Toronto Pearson,Vancouver International,4/22/2022,4/16/2022,6,4107.84
AI6017,Air India,Indira Gandhi International,Chhatrapati Shivaji International,5/31/2022,5/11/2022,18,518.04
AF2026,Air France,Charles de Gaulle,Frankfurt Airport,10/3/2022,8/11/2022,4,2961.98
AA8316,American Airlines,John F. Kennedy International,Hartsfield-Jackson Atlanta,4/13/2022,10/11/2022,19,1213.83
KL3414,KLM Royal Dutch Airlines,Amsterdam Airport Schiphol,Charles de Gaulle,11/20/2022,12/5/2022,22,1267.43
WN5297,Southwest Airlines,Los Angeles International,San Francisco International,9/18/2022,6/27/2022,2,2588.1
KL6392,KLM Royal Dutch Airlines,Amsterdam Airport Schiphol,Charles de Gaulle,4/22/2022,5/31/2022,17,3779.68
ET8279,Ethiopian Airlines,Bole International,Leonardo da Vinci International,5/23/2022,4/28/2022,5,2274.89
ET5456,Ethiopian Airlines,Bole International,Hamad International,10/29/2022,9/25/2022,2,1988.37
ET5032,Ethiopian Airlines,Bole International,Hamad International,12/30/2022,2/24/2022,3,344.68
AV4742,Avianca,El Dorado International,Miami International,1/25/2022,2/26/2022,12,3977.28
KL2299,KLM Royal Dutch Airlines,Amsterdam Airport Schiphol,Charles de Gaulle,7/23/2022,10/20/2022,23,2432.97
LA5365,LATAM Airlines,São Paulo/Guarulhos International,Ministro Pistarini International,11/14/2022,12/13/2022,22,4801.68
LH4336,Lufthansa,Frankfurt Airport,Bole International,11/20/2022,8/28/2022,7,1385.97
AA3153,American Airlines,John F. Kennedy International,Hartsfield-Jackson Atlanta,6/6/2022,6/23/2022,4,565.12
AV1895,Avianca,El Dorado International,O'Hare International,3/11/2022,10/11/2022,13,2237.97
NZ6282,Air New Zealand,Auckland Airport,Sydney Airport,10/3/2022,4/11/2022,19,4772.36
AZ1471,Alitalia,Leonardo da Vinci International,Charles de Gaulle,10/24/2022,6/19/2022,11,2868.66
BA6368,British Airways,Heathrow,Charles de Gaulle,10/22/2022,1/12/2022,3,3284.76
WN3368,Southwest Airlines,Los Angeles International,San Francisco International,9/21/2022,5/7/2022,15,3763.54
QF4484,Qantas,Sydney Airport,Melbourne Airport,6/1/2022,9/17/2022,19,328.19
TG7872,Thai Airways,Suvarnabhumi,Changi,9/21/2022,6/17/2022,19,2916.81
SA2360,South African Airways,O.R. Tambo International,Frankfurt Airport,9/14/2022,3/2/2022,8,115.49
UA7542,United Airlines,Los Angeles International,San Francisco International,1/3/2022,6/19/2022,3,2054.59
KL6466,KLM Royal Dutch Airlines,Amsterdam Airport Schiphol,Charles de Gaulle,7/21/2022,2/26/2022,3,4584.99
KL2582,KLM Royal Dutch Airlines,Amsterdam Airport Schiphol,Stockholm Arlanda,7/18/2022,7/15/2022,8,3281.25
NH3367,All Nippon Airways,Haneda,Incheon International,9/3/2022,9/11/2022,6,3045.37
WN3007,Southwest Airlines,Los Angeles International,San Francisco International,1/14/2022,10/19/2022,12,127.01
KL4943,KLM Royal Dutch Airlines,Amsterdam Airport Schiphol,Charles de Gaulle,10/4/2022,8/20/2022,22,2089.89
IB1310,Iberia,Adolfo Suárez Madrid–Barajas,Munich Airport,3/21/2022,6/6/2022,3,4589.62
CX9713,Cathay Pacific,Hong Kong International,Changi,10/5/2022,9/26/2022,6,4507.41
AC5775,Air Canada,Toronto Pearson,John F. Kennedy International,7/29/2022,6/28/2022,12,1971.6
AV8641,Avianca,El Dorado International,O'Hare International,10/9/2022,6/19/2022,7,3429.67
QF9921,Qantas,Sydney Airport,Melbourne Airport,4/4/2022,1/20/2022,2,2594.66
TG1883,Thai Airways,Suvarnabhumi,Changi,1/25/2022,1/22/2022,11,3646.8
NH5739,All Nippon Airways,Haneda,Incheon International,5/7/2022,12/19/2022,1,564.94
SQ5883,Singapore Airlines,Changi,Beijing Capital International,7/29/2022,1/15/2022,2,175.73
DL2731,Delta Air Lines,John F. Kennedy International,Hartsfield-Jackson Atlanta,5/28/2022,1/16/2022,12,2381.73
AC2663,Air Canada,Toronto Pearson,John F. Kennedy International,6/15/2022,4/8/2022,18,1926.03
CX5044,Cathay Pacific,Hong Kong International,Changi,9/3/2022,3/1/2022,13,2493.18
AV6383,Avianca,El Dorado International,O'Hare International,7/14/2022,11/26/2022,1,1719.61
TG5091,Thai Airways,Suvarnabhumi,Changi,1/5/2022,8/12/2022,24,3262.24
EK8848,Emirates,Dubai International,Logan International,8/18/2022,5/4/2022,17,4711.18
AA7774,American Airlines,John F. Kennedy International,Hartsfield-Jackson Atlanta,9/5/2022,4/10/2022,3,3024.57
AV9215,Avianca,El Dorado International,O'Hare International,2/20/2022,6/1/2022,22,2035.32
AI2188,Air India,Indira Gandhi International,Chhatrapati Shivaji International,5/24/2022,1/12/2022,24,4584.94
KL3471,KLM Royal Dutch Airlines,Amsterdam Airport Schiphol,Charles de Gaulle,5/26/2022,3/29/2022,11,997.0
NZ5754,Air New Zealand,Auckland Airport,Melbourne Airport,4/26/2022,7/26/2022,10,2113.04
QR1780,Qatar Airways,Hamad International,Bole International,6/12/2022,2/10/2022,5,4023.84
CX1515,Cathay Pacific,Hong Kong International,Changi,4/23/2022,6/4/2022,16,575.42
NH9718,All Nippon Airways,Haneda,Incheon International,1/30/2022,9/2/2022,24,4334.04
SA4861,South African Airways,O.R. Tambo International,Charles de Gaulle,1/30/2022,4/5/2022,21,1416.34
BA6452,British Airways,Heathrow,Charles de Gaulle,1/20/2022,3/24/2022,9,1608.71
LH2536,Lufthansa,Frankfurt Airport,Amsterdam Airport Schiphol,1/3/2022,3/6/2022,3,1102.59
NZ7734,Air New Zealand,Auckland Airport,Sydney Airport,5/1/2022,2/23/2022,9,3109.65
SQ6860,Singapore Airlines,Changi,Beijing Capital International,2/16/2022,4/27/2022,15,4812.38
WN2810,Southwest Airlines,Los Angeles International,San Francisco International,6/17/2022,5/16/2022,6,1254.74
WN9686,Southwest Airlines,Los Angeles International,Dallas/Fort Worth International,8/15/2022,4/2/2022,4,1300.81
AV3392,Avianca,El Dorado International,O'Hare International,11/7/2022,8/24/2022,11,3090.38
UA8158,United Airlines,Los Angeles International,O'Hare International,5/14/2022,4/6/2022,8,976.67
LA8602,LATAM Airlines,São Paulo/Guarulhos International,Sydney Airport,12/6/2022,8/21/2022,22,1936.41
AC9487,Air Canada,Toronto Pearson,John F. Kennedy International,3/2/2022,7/12/2022,24,4723.26
SK9628,SAS Scandinavian,Copenhagen Airport,Charles de Gaulle,5/29/2022,4/4/2022,10,4524.32
SA2233,South African Airways,O.R. Tambo International,Charles de Gaulle,9/5/2022,12/15/2022,22,1154.04
QR4593,Qatar Airways,Hamad International,Bole International,5/29/2022,5/14/2022,21,2735.36
KL9656,KLM Royal Dutch Airlines,Amsterdam Airport Schiphol,Charles de Gaulle,4/3/2022,4/4/2022,14,620.82
AI9127,Air India,Indira Gandhi International,Chhatrapati Shivaji International,10/22/2022,6/9/2022,18,294.72
AF4803,Air France,Charles de Gaulle,Amsterdam Airport Schiphol,8/31/2022,5/5/2022,16,2951.12
SK3500,SAS Scandinavian,Copenhagen Airport,Charles de Gaulle,10/15/2022,8/2/2022,18,1940.68
SQ7058,Singapore Airlines,Changi,Beijing Capital International,5/9/2022,2/19/2022,22,2075.1
UA4386,United Airlines,Los Angeles International,San Francisco International,9/16/2022,11/22/2022,17,3404.7
DL7381,Delta Air Lines,John F. Kennedy International,Hartsfield-Jackson Atlanta,9/11/2022,12/6/2022,3,103.97
AF3527,Air France,Charles de Gaulle,Frankfurt Airport,7/14/2022,4/15/2022,9,4280.47
QF6330,Qantas,Sydney Airport,Melbourne Airport,5/27/2022,8/29/2022,16,869.58
ET6816,Ethiopian Airlines,Bole International,Hamad International,10/1/2022,12/24/2022,14,1182.77
AF8339,Air France,Charles de Gaulle,Frankfurt Airport,7/20/2022,7/7/2022,8,4561.07
AI5848,Air India,Indira Gandhi International,Chhatrapati Shivaji International,2/16/2022,10/2/2022,12,937.64
AV6048,Avianca,El Dorado International,O'Hare International,6/9/2022,3/14/2022,14,849.15
IB3428,Iberia,Adolfo Suárez Madrid–Barajas,Charles de Gaulle,6/20/2022,11/13/2022,18,4599.81
QR3757,Qatar Airways,Hamad International,Bole International,10/21/2022,5/23/2022,3,236.04
AM1425,Aeroméxico,Benito Juárez International,O'Hare International,7/3/2022,6/8/2022,3,4444.05
NH8258,All Nippon Airways,Haneda,Incheon International,10/10/2022,1/16/2022,14,964.03
BA1044,British Airways,Heathrow,Charles de Gaulle,5/5/2022,12/16/2022,13,1601.12
AF8392,Air France,Charles de Gaulle,Frankfurt Airport,12/30/2022,9/21/2022,24,798.15
KL3664,KLM Royal Dutch Airlines,Amsterdam Airport Schiphol,Frankfurt Airport,2/9/2022,6/30/2022,22,1234.5
NH9411,All Nippon Airways,Haneda,Incheon International,5/28/2022,4/25/2022,19,1372.68
SA3089,South African Airways,O.R. Tambo International,Copenhagen Airport,1/1/2022,12/21/2022,7,4684.84
AF3537,Air France,Charles de Gaulle,Frankfurt Airport,10/4/2022,8/3/2022,24,479.39
SQ6860,Singapore Airlines,Changi,Beijing Capital International,11/18/2022,2/6/2022,18,3784.86
SA2908,South African Airways,O.R. Tambo International,Charles de Gaulle,2/27/2022,2/9/2022,11,1058.34
AF1538,Air France,Charles de Gaulle,Frankfurt Airport,3/29/2022,11/9/2022,3,1107.3
UA5154,United Airlines,Los Angeles International,Jorge Chávez International,12/20/2022,11/24/2022,14,4680.54
EK5296,Emirates,Dubai International,Hamad International,10/3/2022,4/27/2022,13,4888.45
UA3397,United Airlines,Los Angeles International,San Francisco International,1/13/2022,4/8/2022,7,2013.89
KL8670,KLM Royal Dutch Airlines,Amsterdam Airport Schiphol,Charles de Gaulle,5/2/2022,11/13/2022,24,3261.64
AF7177,Air France,Charles de Gaulle,Frankfurt Airport,4/24/2022,5/8/2022,13,1505.01
AI9401,Air India,Indira Gandhi International,Dubai International,7/11/2022,11/22/2022,23,3092.47
LH1464,Lufthansa,Frankfurt Airport,Charles de Gaulle,7/18/2022,7/7/2022,12,3974.42
AM7778,Aeroméxico,Benito Juárez International,O'Hare International,11/23/2022,7/15/2022,21,3079.72
DL8128,Delta Air Lines,John F. Kennedy International,Hartsfield-Jackson Atlanta,5/6/2022,7/19/2022,23,4462.73
AA4128,American Airlines,John F. Kennedy International,Hartsfield-Jackson Atlanta,9/5/2022,3/1/2022,9,2362.73
CX2918,Cathay Pacific,Hong Kong International,Changi,1/16/2022,11/14/2022,4,1047.63
ET5363,Ethiopian Airlines,Bole International,Hamad International,12/30/2022,4/5/2022,2,1587.83
NH4003,All Nippon Airways,Haneda,Incheon International,10/13/2022,10/14/2022,1,3233.62
LH6753,Lufthansa,Frankfurt Airport,Charles de Gaulle,3/8/2022,11/28/2022,15,763.04
QF7905,Qantas,Sydney Airport,Melbourne Airport,6/15/2022,12/15/2022,20,4500.84
AF1510,Air France,Charles de Gaulle,Frankfurt Airport,1/13/2022,11/19/2022,9,2113.97
BA1547,British Airways,Heathrow,Charles de Gaulle,10/10/2022,6/19/2022,19,1510.4
SA6570,South African Airways,O.R. Tambo International,Charles de Gaulle,12/10/2022,6/4/2022,9,4138.96
TG2442,Thai Airways,Suvarnabhumi,Changi,6/15/2022,3/30/2022,2,4893.27
AI2783,Air India,Indira Gandhi International,Chhatrapati Shivaji International,10/9/2022,10/31/2022,15,2006.35
AF9987,Air France,Charles de Gaulle,Arturo Merino Benítez International,11/28/2022,3/29/2022,16,2798.05
WN9442,Southwest Airlines,Los Angeles International,Stockholm Arlanda,4/15/2022,8/16/2022,24,3791.1
CX1145,Cathay Pacific,Hong Kong International,Changi,1/19/2022,2/4/2022,6,1439.09
SQ8804,Singapore Airlines,Changi,Beijing Capital International,5/20/2022,3/17/2022,14,3524.71
QF1731,Qantas,Sydney Airport,Melbourne Airport,4/23/2022,8/18/2022,1,1876.49
DL9400,Delta Air Lines,John F. Kennedy International,Hartsfield-Jackson Atlanta,2/1/2022,1/6/2022,15,433.05
AA6712,American Airlines,John F. Kennedy International,Hartsfield-Jackson Atlanta,5/3/2022,7/26/2022,4,3048.24
LH7515,Lufthansa,Frankfurt Airport,Charles de Gaulle,7/28/2022,1/21/2022,8,2270.23
WN6726,Southwest Airlines,Los Angeles International,San Francisco International,11/6/2022,12/3/2022,17,4134.5
AV5552,Avianca,El Dorado International,O'Hare International,1/9/2022,1/24/2022,10,1805.48
LH1518,Lufthansa,Frankfurt Airport,Arturo Merino Benítez International,8/21/2022,9/27/2022,17,3551.27
IB8590,Iberia,Adolfo Suárez Madrid–Barajas,Kuala Lumpur International,8/27/2022,10/27/2022,16,2807.64
AZ9023,Alitalia,Leonardo da Vinci International,Charles de Gaulle,7/27/2022,1/14/2022,8,3172.86
QR7454,Qatar Airways,Hamad International,Bole International,4/28/2022,10/25/2022,5,4427.24
DL2404,Delta Air Lines,John F. Kennedy International,Hartsfield-Jackson Atlanta,12/22/2022,9/16/2022,9,4156.8
QR2311,Qatar Airways,Hamad International,Frankfurt Airport,1/28/2022,8/22/2022,17,4803.95
LH5523,Lufthansa,Frankfurt Airport,Charles de Gaulle,10/6/2022,1/24/2022,24,2847.05
BA7616,British Airways,Heathrow,Amsterdam Airport Schiphol,7/3/2022,10/16/2022,24,1818.59
AA1542,American Airlines,John F. Kennedy International,Hartsfield-Jackson Atlanta,5/27/2022,2/28/2022,9,1740.15
QR7511,Qatar Airways,Hamad International,Bole International,11/3/2022,9/21/2022,18,4131.75
AC5745,Air Canada,Toronto Pearson,Logan International,7/7/2022,1/21/2022,17,1842.88
AF3476,Air France,Charles de Gaulle,Leonardo da Vinci International,12/8/2022,2/3/2022,24,1405.08
NZ4614,Air New Zealand,Auckland Airport,Sydney Airport,7/13/2022,11/12/2022,6,2170.18
AA9225,American Airlines,John F. Kennedy International,Hartsfield-Jackson Atlanta,9/29/2022,7/13/2022,21,2744.48
LA7165,LATAM Airlines,São Paulo/Guarulhos International,Miami International,1/1/2022,10/14/2022,8,2111.82
SK9722,SAS Scandinavian,Copenhagen Airport,Charles de Gaulle,9/13/2022,5/11/2022,24,4193.81
WN2778,Southwest Airlines,Los Angeles International,Seattle-Tacoma International,10/4/2022,5/31/2022,1,320.83
WN3254,Southwest Airlines,Los Angeles International,San Francisco International,4/9/2022,3/12/2022,22,1744.77
AA5136,American Airlines,John F. Kennedy International,Hartsfield-Jackson Atlanta,11/13/2022,5/5/2022,21,4322.76
TG9446,Thai Airways,Suvarnabhumi,Changi,9/18/2022,3/5/2022,6,920.12
NH2177,All Nippon Airways,Haneda,Amsterdam Airport Schiphol,7/30/2022,9/5/2022,4,2699.43
QF3037,Qantas,Sydney Airport,Melbourne Airport,8/20/2022,12/4/2022,13,4313.31
ET8753,Ethiopian Airlines,Bole International,Hamad International,1/8/2022,5/17/2022,4,3823.35
IB7772,Iberia,Adolfo Suárez Madrid–Barajas,Charles de Gaulle,4/11/2022,2/19/2022,20,3632.43
QF7112,Qantas,Sydney Airport,Melbourne Airport,7/9/2022,6/16/2022,24,697.33
KE9981,Korean Air,Incheon International,Haneda,7/31/2022,10/24/2022,4,1239.51
NH4003,All Nippon Airways,Haneda,Incheon International,3/7/2022,2/3/2022,22,4862.58
AV6517,Avianca,El Dorado International,Benito Juárez International,10/16/2022,7/20/2022,1,2886.02
AV3778,Avianca,El Dorado International,Indira Gandhi International,5/14/2022,11/26/2022,2,2668.17
SQ6228,Singapore Airlines,Changi,Beijing Capital International,5/30/2022,7/11/2022,16,1323.25
SA5492,South African Airways,O.R. Tambo International,Bole International,2/18/2022,1/6/2022,12,830.66
NZ6084,Air New Zealand,Auckland Airport,Sydney Airport,9/5/2022,5/4/2022,14,1014.31
AF2033,Air France,Charles de Gaulle,Amsterdam Airport Schiphol,6/13/2022,2/1/2022,6,349.08
WN6462,Southwest Airlines,Los Angeles International,San Francisco International,12/4/2022,7/3/2022,20,923.11
ET7092,Ethiopian Airlines,Bole International,Hamad International,1/4/2022,4/20/2022,18,548.67
CX8522,Cathay Pacific,Hong Kong International,Charles de Gaulle,8/9/2022,8/1/2022,13,1387.18
SA1654,South African Airways,O.R. Tambo International,Charles de Gaulle,10/10/2022,11/28/2022,21,2633.23
LH4515,Lufthansa,Frankfurt Airport,Charles de Gaulle,12/12/2022,2/9/2022,18,388.31
AC8594,Air Canada,Toronto Pearson,Hartsfield-Jackson Atlanta,12/14/2022,10/6/2022,1,3743.98
AZ4564,Alitalia,Leonardo da Vinci International,Charles de Gaulle,10/8/2022,5/9/2022,12,4069.14
LH8760,Lufthansa,Frankfurt Airport,Charles de Gaulle,6/25/2022,6/14/2022,3,2923.37
ET9838,Ethiopian Airlines,Bole International,Hamad International,8/3/2022,12/17/2022,7,2677.22
LA3671,LATAM Airlines,São Paulo/Guarulhos International,Ministro Pistarini International,3/29/2022,1/9/2022,21,4380.85
TG9392,Thai Airways,Suvarnabhumi,Changi,10/31/2022,5/28/2022,15,1965.93
SQ5996,Singapore Airlines,Changi,Beijing Capital International,6/8/2022,1/26/2022,6,4927.07
SK9152,SAS Scandinavian,Copenhagen Airport,Charles de Gaulle,11/26/2022,11/10/2022,6,597.09
BA2913,British Airways,Heathrow,Charles de Gaulle,11/9/2022,11/29/2022,13,1388.41
DL2000,Delta Air Lines,John F. Kennedy International,O'Hare International,12/5/2022,3/25/2022,10,1780.12
NZ7026,Air New Zealand,Auckland Airport,Sydney Airport,6/30/2022,5/18/2022,15,4196.75
AF5555,Air France,Charles de Gaulle,Hong Kong International,9/3/2022,11/19/2022,2,4928.3
IB6399,Iberia,Adolfo Suárez Madrid–Barajas,Benito Juárez International,8/9/2022,5/14/2022,20,3889.97
IB9152,Iberia,Adolfo Suárez Madrid–Barajas,Charles de Gaulle,10/13/2022,4/19/2022,19,1739.19
AM2401,Aeroméxico,Benito Juárez International,Frankfurt Airport,4/5/2022,3/3/2022,7,4538.36
CX6670,Cathay Pacific,Hong Kong International,Chhatrapati Shivaji International,10/4/2022,6/24/2022,23,4427.98
QF5890,Qantas,Sydney Airport,Melbourne Airport,2/4/2022,7/11/2022,15,2442.35
AZ2796,Alitalia,Leonardo da Vinci International,Charles de Gaulle,7/29/2022,7/30/2022,2,1968.22
AA1753,American Airlines,John F. Kennedy International,Cairo International,11/21/2022,8/9/2022,19,1419.67
IB9980,Iberia,Adolfo Suárez Madrid–Barajas,Charles de Gaulle,3/29/2022,1/11/2022,20,103.19
SQ9432,Singapore Airlines,Changi,Beijing Capital International,11/9/2022,8/7/2022,1,848.32
AC8255,Air Canada,Toronto Pearson,John F. Kennedy International,3/17/2022,12/30/2022,20,4326.23
AI8973,Air India,Indira Gandhi International,Chhatrapati Shivaji International,2/21/2022,12/12/2022,21,3128.2
KE1844,Korean Air,Incheon International,Haneda,10/14/2022,10/21/2022,4,1441.16
AZ1133,Alitalia,Leonardo da Vinci International,Charles de Gaulle,11/29/2022,1/29/2022,7,2468.5
AC5159,Air Canada,Toronto Pearson,John F. Kennedy International,4/9/2022,8/20/2022,14,3624.65
AI4273,Air India,Indira Gandhi International,Chhatrapati Shivaji International,6/14/2022,12/19/2022,8,174.72
UA7107,United Airlines,Los Angeles International,Hartsfield-Jackson Atlanta,3/21/2022,1/12/2022,13,2212.13
QR4568,Qatar Airways,Hamad International,Jomo Kenyatta International,8/29/2022,6/8/2022,16,691.9
NZ1688,Air New Zealand,Auckland Airport,Sydney Airport,8/10/2022,2/1/2022,19,3566.5
KL4057,KLM Royal Dutch Airlines,Amsterdam Airport Schiphol,Charles de Gaulle,11/6/2022,8/12/2022,19,4993.06
EK9265,Emirates,Dubai International,Hamad International,1/16/2022,3/18/2022,3,2300.36
EK9670,Emirates,Dubai International,Los Angeles International,2/22/2022,12/29/2022,16,817.31
AF9202,Air France,Charles de Gaulle,Frankfurt Airport,6/30/2022,1/25/2022,23,4792.42
